timestamp,cpu_allocation_efficiency,memory_allocation_efficiency,disk_io,network_latency,node_temperature,node_cpu_usage,node_memory_usage,cpu_request,cpu_limit,memory_request,memory_limit,cpu_usage,memory_usage,node_name,network_bandwidth_usage,pod_status_Running,pod_status_Pending,pod_status_Succeeded,pod_status_Failed,pod_status_Unknown
2023-01-01 00:00:00,0.746725532,0.447344937,0.3283175857761216,0.8695548711048651,0.01618827144563678,0.558112841558812,0.18328002357487563,0.07855669832345615,0.23377766898639285,0.365511795288317,0.9025173581823724,0.3298441824182482,0.6278041822594981,node_7,0.5277327302449655,0,0,0,1,0
2023-01-01 00:00:00,0.128241138,0.391080478,0.2055242324249527,0.5016760977547832,0.21908036482874182,0.790017151841346,0.6000121930216683,0.014575497716688576,0.316753224680124,0.762278895794696,0.09458924131216387,0.4503534086947097,0.6959048547564047,node_7,0.18809332355466699,0,0,0,0,1
2023-01-01 00:00:00,0.332904378,0.27361492,0.7760939946957502,0.2208992513305977,0.7305052210939159,0.6334337986994005,0.06530090334386751,0.14567051638990963,0.735546037743461,0.34366059303151164,0.4571610050314639,0.7755134782594643,0.8505519737101566,node_7,0.9486421939337711,0,0,0,0,1
2023-01-01 00:01:00,0.857483156,0.856172059,0.6563805381919134,0.2981811229433503,0.4871785185968376,0.551665113942549,0.3949104443647092,0.5715265578623114,0.23734732801424946,0.8480199805135676,0.0813515390758303,0.923152179983684,0.9094118265574896,node_7,0.5832342782377612,0,0,1,0,0
2023-01-01 00:02:00,0.087615617,0.569168538,0.3296073128550344,0.2639876419192594,0.18547102625907497,0.30588499500879374,0.7181935382483248,0.7654421851523934,0.9808929626452818,0.5243145826386971,0.2545727093288929,0.9093752027821824,0.1647538502684495,node_7,0.024296796894848628,0,0,0,0,1
2023-01-01 00:02:00,0.424173107,0.060669507,0.16656427469731502,0.5917249955279762,0.7058541604449129,0.7495715792840967,0.8561414424521597,0.4057432808800063,0.971152762263793,0.6407844690817549,0.22387942315413167,0.8473896173679528,0.7609417569001689,node_7,0.9852174999546954,0,0,0,1,0
2023-01-01 00:05:00,0.658007434,0.286131951,0.9100624961055483,0.015996867958942628,0.13247612652676394,0.48966702874891244,0.294201954229305,0.1048212103750089,0.6709005832062532,0.7506771912690233,0.7957483537250423,0.7023194148955124,0.6881329215152251,node_7,0.9534109073653154,0,0,0,1,0
2023-01-01 00:05:00,0.446834306,0.423305636,0.31800656140648353,0.063167886076252,0.36908306339121144,0.9857478379330413,0.7863801703148784,0.8134400495516741,0.2578777934260575,0.1175569555644426,0.23053879233620922,0.7196310349531563,0.2916511517917912,node_7,0.7125619057573825,0,0,0,0,1
2023-01-01 00:05:00,0.712593624,0.36379716,0.7741698480135824,0.06683407361945283,0.31235487296690434,0.8994368606025884,0.4299679262060606,0.41529718664026993,0.40726845775597587,0.11627850957533706,0.9285627346362042,0.5583891625437469,0.8842676145130756,node_7,0.4600526559773101,0,0,0,0,1
2023-01-01 00:06:00,0.874578697,0.779353782,0.7563601077566454,0.8265803359128747,0.4069900187001766,0.46882278917187425,0.9774108392265675,0.08177099580480264,0.36115328431334404,0.9606021594037651,0.3325246762262094,0.2427624874164602,0.3315064646232164,node_7,0.7137254141000772,0,0,0,0,1
2023-01-01 00:07:00,0.339698917,0.800452402,0.9519749117849511,0.1721718304287952,0.5134627371045678,0.5027695025964057,0.8271814665407538,0.6536474235711791,0.8595977314273573,0.5125272500187792,0.5657578717385564,0.6118537960360778,0.8828365422097223,node_7,0.45518798935443655,0,0,1,0,0
2023-01-01 00:08:00,0.816279926,0.549574616,0.1543210147620868,0.9227920836346394,0.845486224284637,0.9013143704725471,0.36329962168973884,0.10886142917796719,0.30778422550319945,0.18776667762953478,0.6286389078678711,0.5682335011227684,0.766301638292384,node_7,0.10434815294423398,0,0,0,1,0
2023-01-01 00:08:00,0.918367829,0.653480594,0.8332950747585616,0.2198144065840458,0.4783736106165124,0.23558844890250175,0.021381368674529423,0.7984728833357397,0.04428990224010246,0.17935752664980864,0.3884635189418625,0.790118949502755,0.2651695199813652,node_7,0.10961651486178335,1,0,0,0,0
2023-01-01 00:08:00,0.421801862,0.077825758,0.14145343165037094,0.5400930130501208,0.4999511742399373,0.407825380389759,0.7701099322843936,0.6115219406807163,0.3867040495075693,0.33570684142535456,0.3550518783291722,0.690786710901881,0.6210864650374313,node_7,0.990715784697549,0,1,0,0,0
2023-01-01 00:08:00,0.316308036,0.002775545,0.1043057155660522,0.6901785898744962,0.7571817443412832,0.19346303005387877,0.8383415325794712,0.522180723314296,0.45190634457881973,0.4543185977051848,0.36363412438743986,0.9671216122432301,0.39570660441455485,node_7,0.19965437713257037,0,1,0,0,0
2023-01-01 00:09:00,0.856602509,0.736076944,0.6831248805122999,0.6565826607812763,0.5306897622420816,0.5950257634889236,0.28422251513464386,0.12682900691267762,0.4083009330730133,0.22692315286507034,0.5575820844495338,0.4738240894353173,0.017332699885643336,node_7,0.8195416132889245,0,0,0,0,1
2023-01-01 00:09:00,0.465115119,0.392040925,0.276411767449158,0.5569636857332059,0.46013502696229036,0.4020843047106477,0.10122740960523278,0.3180849794590863,0.2605607306686862,0.8629250839514332,0.6254305794808588,0.4851254411168762,0.4750467601826224,node_7,0.5515891125201325,0,0,0,0,1
2023-01-01 00:10:00,0.290720526,0.100605949,0.3954945380883119,0.9340156273836895,0.15680411823710932,0.5116622867918591,0.9125135815865779,0.11528344368239644,0.3248033005512869,0.6306824911613558,0.8292637215786828,0.0489279573664339,0.6866664904212623,node_7,0.20733946230255637,1,0,0,0,0
2023-01-01 00:10:00,0.920520306,0.931962407,0.37965568340718325,0.6815192355719375,0.8704656835309874,0.5853086203012393,0.011022916237036938,0.3361943869522675,0.13261450124356955,0.2997305790025334,0.24803330464984497,0.6139402256778669,0.5371492783635925,node_7,0.3878918803435928,1,0,0,0,0
2023-01-01 00:10:00,0.541503061,0.641525585,0.8957278757899966,0.1831539834647508,0.09037725243667305,0.21204981220918062,0.3995429033730763,0.3105949632032511,0.36496609369802413,0.07071435536532972,0.7200855926378659,0.7130473570120375,0.6195569706229327,node_7,0.6236537205211782,0,0,0,1,0
2023-01-01 00:10:00,0.574034169,0.235052191,0.6681395531078835,0.41457921302302514,0.6572755434085154,0.6224656639092678,0.8761461490528049,0.4092962939403701,0.3130016987599677,0.03371736558357134,0.7637086360142453,0.2512241091403347,0.14801311951959695,node_7,0.5118766574609713,1,0,0,0,0
2023-01-01 00:12:00,0.9009301,0.222581995,0.9304749318952271,0.3858467974542001,0.5564845621195418,0.3825262430998312,0.0810623071052987,0.5419011510020663,0.2924189495878592,0.4479842574666738,0.8909974848222342,0.7813898422481818,0.084975514689742,node_7,0.24445323800624522,1,0,0,0,0
2023-01-01 00:12:00,0.166291101,0.444113668,0.4500527952554953,0.5173721341552959,0.8700396909273673,0.5067470573923208,0.9380312497504592,0.047646569101186864,0.4375210444378296,0.7998303316406263,0.35025721242553814,0.29007603992436004,0.7788059290042134,node_7,0.032014018412421574,0,0,0,1,0
2023-01-01 00:12:00,0.917717914,0.360268563,0.4260406077089526,0.23181618669564863,0.0893743630079818,0.25061441439523424,0.9622252985062039,0.452704992765476,0.3082266650558741,0.33943821174994226,0.39016618397444375,0.4848362169872727,0.8893438285196209,node_7,0.8486453751389087,0,0,0,0,1
2023-01-01 00:13:00,0.717844808,0.44084683,0.4679320994097778,0.08331960178104625,0.768992411907099,0.7432228730565047,0.8754292149426058,0.09159686960130432,0.08162720039167787,0.7635085806412039,0.4491568637768627,0.5796556101653706,0.9566557421376122,node_7,0.3994011276275496,0,1,0,0,0
2023-01-01 00:13:00,0.759109972,0.388910214,0.9138824505231424,0.8329963470775777,0.25224283826747873,0.33477962189134797,0.7935053717681022,0.2588678073167945,0.15749028963859485,0.20014140562915733,0.97863405548951,0.938556789332002,0.8699760314460456,node_7,0.6386045639714597,0,0,1,0,0
2023-01-01 00:14:00,0.65494846,0.151524889,0.6962339044170526,0.7468611190640041,0.9634057961273923,0.9315993811602082,0.23962762644749747,0.17659554334070637,0.6279350628338844,0.9712726414632878,0.22331447942419191,0.8383770681061352,0.4037755507912902,node_7,0.6170080023082777,1,0,0,0,0
2023-01-01 00:15:00,0.334458405,0.36980868,0.8966722967120297,0.8125711727789723,0.8778798246593378,0.5243500322294097,0.1653179834959582,0.07853862361209309,0.4646089304906028,0.011461235067812131,0.6187377450728861,0.6507884607282436,0.7814082086698974,node_7,0.7573937450834859,0,1,0,0,0
2023-01-01 00:15:00,0.083767324,0.164039542,0.3053327889417354,0.9697724078926462,0.003399593568457815,0.42909325689683353,0.45942675693592455,0.9139134599863703,0.2250676029312927,0.16491761402651828,0.5963046091172549,0.5469459558287844,0.17260259836084288,node_7,0.09393879414243808,0,0,1,0,0
2023-01-01 00:15:00,0.551533038,0.796589458,0.4354815136643361,0.9542043061120519,0.8953521708843368,0.842228333479232,0.5260569797866049,0.8627036822755115,0.3867843362284453,0.4935738775159886,0.5179111478262172,0.1836163361186404,0.8824315722289595,node_7,0.9063497104885185,1,0,0,0,0
2023-01-01 00:16:00,0.482707027,0.995591802,0.03715901035695098,0.2547292813230983,0.6349194535210063,0.5229411433049155,0.1470081282372628,0.4184131299217456,0.2228600137371486,0.8351835535249906,0.6775171076043726,0.7774352695903253,0.78418261937769,node_7,0.11099157562260888,0,1,0,0,0
2023-01-01 00:18:00,0.227413291,0.114575402,0.3126029915469585,0.8208868185727635,0.1699501356822926,0.8156898009069475,0.5882145206086318,0.9058206596332893,0.5506233435147635,0.1026243964671674,0.9454405494068955,0.8351945742398248,0.8181419906878226,node_7,0.6420115651661944,0,0,0,0,1
2023-01-01 00:19:00,0.845634761,0.271308961,0.4815579778109087,0.8688062220513147,0.7071699562395273,0.34700220648456664,0.9634902214643737,0.5323645523479584,0.7349301675644029,0.34667732974317256,0.3369200797312298,0.991368500593865,0.5199929836113054,node_7,0.9179656188287036,0,0,0,1,0
2023-01-01 00:19:00,0.916266268,0.278686333,0.6331147533008175,0.1608550819638464,0.6342321987403662,0.1468762485086558,0.37878085067227985,0.8981954049069534,0.5721156576619908,0.8922718686876747,0.7317501021845233,0.26376903912051614,0.04768515825751282,node_7,0.7671705240165673,0,0,0,0,1
2023-01-01 00:20:00,0.007013959,0.304492103,0.13530366397043173,0.5621911369934517,0.6161085760253772,0.49069935720374513,0.06385570505286643,0.5147409427062574,0.6987211130100642,0.33062501306721725,0.0877500960917161,0.3850110514446552,0.8932621259450317,node_7,0.4871494363512627,0,0,1,0,0
2023-01-01 00:20:00,0.531358517,0.367253647,0.21889383539591473,0.6722596485150402,0.8302131283911247,0.7065042250221852,0.9993374756271396,0.5888147532339649,0.016845330994130714,0.15602937461248823,0.9004552099296408,0.676792546533026,0.4372623052392872,node_7,0.8644916206021664,0,0,0,1,0
2023-01-01 00:20:00,0.068552326,0.226647115,0.12568628073256408,0.7826704890333203,0.9566730168603266,0.8143292630747875,0.013230460779490825,0.7376958843467052,0.24357506770878729,0.8795103451546629,0.9385598273405968,0.8789378228757305,0.7061032648159867,node_7,0.7529269242293839,0,0,1,0,0
2023-01-01 00:22:00,0.000533213,0.509614986,0.12091679001806642,0.9689103148460257,0.006999279830791683,0.5966974065438843,0.5458717079004186,0.9793253782813545,0.27539411897237975,0.8375890436957133,0.6807067465605583,0.4881476777040407,0.51759078268064,node_7,0.9345842504709442,0,0,1,0,0
2023-01-01 00:22:00,0.229082404,0.005549539,0.2643161617668807,0.8153341864659381,0.08695300830593633,0.8568516392051231,0.5564101092993267,0.6051622724024376,0.404315428419014,0.48921882157252794,0.4908420925518827,0.9483659446346488,0.37933754947733583,node_7,0.4406189436694788,1,0,0,0,0
2023-01-01 00:23:00,0.586845976,0.492512297,0.8453092644164525,0.9060521030956118,0.05945829261557822,0.6117340828260851,0.2869786745353266,0.059242656352082604,0.349034636068644,0.34942076555859936,0.05427090255625258,0.528261215092308,0.2241336593248248,node_7,0.9521929433090429,0,0,0,1,0
2023-01-01 00:23:00,0.726036961,0.183032676,0.3203877078482186,0.6243880194546982,0.047694588361239854,0.44003304290394063,0.2824256461727454,0.0494384110805034,0.22307366926182692,0.10638553854261518,0.0094847797497868,0.5854989610099524,0.17846461412053558,node_7,0.21388818231233855,0,0,0,1,0
2023-01-01 00:24:00,0.438655975,0.656844358,0.7602007598141071,0.858196347674225,0.1599572039322354,0.4738629245013332,0.6330036056886141,0.8249154287702634,0.29610201470183023,0.3598761657249733,0.4491369027861424,0.4721208265034229,0.17470412488368112,node_7,0.8433922503106525,1,0,0,0,0
2023-01-01 00:24:00,0.711200186,0.015453396,0.37509233294835653,0.7412874127726988,0.905293401681819,0.7985553119801554,0.5707102714954733,0.600542802521463,0.6159272818390287,0.16312746433491065,0.6388724826370883,0.43306599124673906,0.5494301960262564,node_7,0.18207085746124424,1,0,0,0,0
2023-01-01 00:24:00,0.641261402,0.685079667,0.1993038496678871,0.3928872919855276,0.6981452848274767,0.8547548914378634,0.8193238674888559,0.9506255808124235,0.43309858477975827,0.4617439932098837,0.8736401992667092,0.6971373435322891,0.2193847262544938,node_7,0.3930558041361962,0,0,0,0,1
2023-01-01 00:26:00,0.97021267,0.101283886,0.8032533856008954,0.8540347882446204,0.6066861253050971,0.16600337838961213,0.353755396687646,0.6122714118044391,0.6270065456617308,0.8612450735313132,0.10685444765345711,0.8791665350450732,0.7289295080933711,node_7,0.812685494470436,0,0,0,1,0
2023-01-01 00:26:00,0.154313126,0.738827677,0.5385816887387045,0.5803052035610016,0.7157771228423093,0.08222541410532368,0.8333349825620836,0.11872398539229691,0.011691077514238257,0.2732959440010755,0.37457495469087326,0.02678125720380598,0.4644108619192221,node_7,0.6183112926589909,0,1,0,0,0
2023-01-01 00:26:00,0.01809142,0.107655517,0.27678359644217426,0.18576903160645075,0.1614458773657691,0.32157341122711935,0.8517971815849907,0.6172484029805859,0.39111821747987086,0.2881945225270136,0.37555750892369344,0.4161507588647831,0.4295306743447865,node_7,0.07618464127623556,0,1,0,0,0
2023-01-01 00:27:00,0.072985726,0.775749532,0.34207711833580107,0.6993864094782297,0.9195798786905267,0.4073660028516045,0.5849231969944438,0.9546465047109813,0.9441053538143414,0.7025647784420616,0.20873576077498115,0.7727492588628039,0.21061661109432453,node_7,0.7897006650450782,1,0,0,0,0
2023-01-01 00:28:00,0.965872676,0.23305863,0.04153886849352824,0.9245310148569563,0.8669332623449686,0.02898274530170644,0.6721865186331548,0.3742597150292173,0.5636109483242238,0.6924511810137344,0.02437691636933481,0.24370340094668438,0.6956900868409276,node_7,0.08378636520776167,1,0,0,0,0
2023-01-01 00:31:00,0.178726098,0.323201855,0.7595825348805871,0.6176335363270674,0.07464542167831323,0.3640692411438823,0.44087788887048257,0.1789926850157812,0.6063206433490891,0.8041758785826362,0.1037586043586968,0.6365013434190004,0.575736493759709,node_7,0.902604399158226,1,0,0,0,0
2023-01-01 00:32:00,0.147051257,0.88253288,0.2888215082572086,0.45395814328968315,0.9118418688058765,0.11271088133895743,0.21891290160235644,0.7796712546099959,0.9266078105026347,0.23552458162992182,0.5224307760609316,0.04957899921992672,0.976041702183825,node_7,0.9628988329747711,0,0,1,0,0
2023-01-01 00:32:00,0.043695286,0.754961626,0.5779724603474017,0.27927235316909965,0.26281281937934686,0.4963592877497945,0.9040344639089255,0.27659021772673853,0.9552894955132412,0.8000855073257234,0.4018262474184842,0.22032370067796098,0.30361457708594525,node_7,0.31174489885826967,0,0,0,0,1
2023-01-01 00:35:00,0.595748881,0.919344706,0.9427313077736434,0.7251476139875634,0.5269814943270152,0.1882766687420034,0.5702390251345332,0.21030737633761648,0.09965461563919903,0.7076493968966963,0.8523855516066416,0.6695780269511736,0.3725783333598417,node_7,0.5433234135296072,0,0,0,0,1
2023-01-01 00:36:00,0.383952079,0.707165965,0.4618018502680471,0.6203797643670945,0.5198899636518927,0.3613696952866851,0.4354752948309351,0.5784273086204872,0.8969795066831974,0.006684889596769827,0.9073181643893771,0.4187121362713131,0.19051556564786284,node_7,0.7977558175646795,0,0,0,1,0
2023-01-01 00:37:00,0.352909289,0.345814426,0.5536622457300076,0.047132124451840646,0.3453729673808341,0.12057796330528149,0.47384159137012033,0.054754931185241884,0.07138565899545968,0.4926505838842006,0.41065972799050937,0.9447723015021448,0.9921982752700481,node_7,0.4514209935829612,0,1,0,0,0
2023-01-01 00:37:00,0.413517036,0.77111509,0.11592759132744332,0.31397593390851936,0.7878520644005644,0.08675797872542224,0.5017556050999472,0.9048116752439832,0.4343672875488461,0.1645932136770936,0.29768425688977684,0.24097734994931577,0.9574454325779196,node_7,0.14607577080379658,0,0,0,1,0
2023-01-01 00:38:00,0.519778046,0.185408682,0.3225452924547118,0.27828959291617855,0.2341227467780128,0.5527803859988286,0.2701229549479211,0.6205097902458858,0.46389546594632014,0.16696539359081639,0.01025503917551504,0.5236829449558974,0.5328431544154983,node_7,0.22884661840144374,0,0,1,0,0
2023-01-01 00:38:00,0.463047752,0.531759966,0.465085875226918,0.1163770707606752,0.5547968344922629,0.1618903349076522,0.48084797628637554,0.06478485799489,0.3883392791035132,0.23570278010512427,0.5049652376975639,0.044495228447548406,0.8444797093438684,node_7,0.24656406752160673,0,0,0,1,0
2023-01-01 00:38:00,0.999194282,0.131575687,0.9839302908363858,0.07516894648155462,0.17173821673047068,0.9644112945426824,0.4368728992606758,0.009151247005709462,0.7683847306889582,0.651635831933967,0.8359337395391319,0.7926962417490006,0.8736324760674667,node_7,0.6689884191034924,1,0,0,0,0
2023-01-01 00:38:00,0.673267812,0.15418623,0.5682708389024764,0.44751808396446646,0.12279927915807964,0.4877263559290879,0.23021853665316566,0.4683866442175018,0.9347046577179514,0.4919097834839654,0.2818394236326087,0.9866847156418439,0.4325663314466053,node_7,0.52061325377905,0,1,0,0,0
2023-01-01 00:39:00,0.829885861,0.568365695,0.8301510869499068,0.8778751424391474,0.22968696301011493,0.8960059398695122,0.06550624200922946,0.7936056309554613,0.012882156180719417,0.6040845004636907,0.16749924842158312,0.6080334405463178,0.5501165414615333,node_7,0.9825102706856614,0,1,0,0,0
2023-01-01 00:39:00,0.040713953,0.255614323,0.029497469882155545,0.054756582045084386,0.9285667322438531,0.6582294767707454,0.2334656417109911,0.6590450090496126,0.18311161350336064,0.21878236927975267,0.45341338462154196,0.08302028252406599,0.6456893376959377,node_7,0.7482826038589346,0,0,0,1,0
2023-01-01 00:39:00,0.561268216,0.600552378,0.009256690087387767,0.3681332437426737,0.2451632294638314,0.11743339654890625,0.5552844069421671,0.41619679996234965,0.16988433049975593,0.605501150044653,0.5269239439593009,0.552874910025715,0.14085051141380245,node_7,0.20293816335501208,0,1,0,0,0
2023-01-01 00:40:00,0.276931259,0.880837608,0.5843185541045165,0.5093825307156258,0.5001296551034365,0.7998870667161795,0.15873265580956866,0.34495810468983934,0.8723779673269283,0.35435241994804356,0.8214058363723276,0.7264841470787756,0.5655792580236912,node_7,0.29626168368727623,0,1,0,0,0
2023-01-01 00:40:00,0.567208842,0.748520797,0.28435819210700847,0.46484881492482577,0.38697968493120827,0.33069908417503885,0.06070277052964992,0.47215687821041824,0.9458117593191526,0.3066810373740074,0.34151028055705585,0.42685781632567643,0.9910597905873714,node_7,0.9068001778976118,0,0,1,0,0
2023-01-01 00:41:00,0.862654211,0.786381364,0.15790970422699366,0.7072810410865322,0.7263230916706328,0.16746598810489985,0.5133320685199857,0.8150452003759525,0.1516061495793516,0.9604054715559411,0.7049035072275645,0.05034838575680244,0.5110750993583464,node_7,0.6692070605156661,0,0,1,0,0
2023-01-01 00:42:00,0.101945761,0.211871182,0.37607426378562026,0.5918300134472857,0.7308521005175134,0.8195906410236476,0.126708747672074,0.6578991877515323,0.5463787204743474,0.18870990990342892,0.3232930135622576,0.1990284845934347,0.11017996219372583,node_7,0.5111307190762622,1,0,0,0,0
2023-01-01 00:44:00,0.415138345,0.074949447,0.9722859545336224,0.5959823232959209,0.169342034466402,0.8223484613575791,0.8233628857741738,0.6793504685173637,0.8151756101042592,0.007003153320636682,0.6449595211487884,0.8470632080948742,0.332444753398806,node_7,0.1761716977763935,0,0,0,1,0
2023-01-01 00:46:00,0.148489448,0.994436833,0.654011908890955,0.13885921061561793,0.7671173123998505,0.8990443158700595,0.7681102997050006,0.5252722525673973,0.8779090191088121,0.2762298234972955,0.9867799630527189,0.43776913785706445,0.6797265399019128,node_7,0.23984705362422357,0,1,0,0,0
2023-01-01 00:48:00,0.642449714,0.950603412,0.7414704566155097,0.2555399386194585,0.9238827016837916,0.21449373269249153,0.9528875062747887,0.3626405306708555,0.2583282945502252,0.859046405334451,0.746745085854759,0.16786687210171114,0.5299011820363974,node_7,0.31307250380782514,0,0,0,0,1
2023-01-01 00:49:00,0.342693421,0.418976041,0.9450780827369073,0.08961882547341107,0.8710957027760053,0.8894818516662522,0.8622895580536596,0.23863391909654558,0.8076680252309043,0.5576231767342015,0.873956478527799,0.8550583118117687,0.6584758593874207,node_7,0.8384348197012195,0,0,1,0,0
2023-01-01 00:49:00,0.608381794,0.553683392,0.21346873455399765,0.24908603767307455,0.4559873098274736,0.6310625063310189,0.12268893983590358,0.507377712513653,0.8384218567417868,0.25389675705896475,0.01593027651173092,0.29924379741511536,0.5011492064335618,node_7,0.7582305311070133,0,0,0,0,1
2023-01-01 00:50:00,0.595169003,0.286967557,0.3323489831562958,0.5552117373969392,0.9752786761775669,0.6368470852399094,0.9588144069827222,0.36500454678675825,0.38817199766886523,0.04658484802394382,0.8892785651323529,0.4205550825856755,0.9388995689970275,node_7,0.4182134026454517,0,0,0,0,1
2023-01-01 00:50:00,0.991865945,0.840283023,0.5390432918855778,0.162558258073169,0.7236900498571058,0.7124496510213457,0.4886865128033637,0.6201432754759677,0.5133752261660097,0.7983106894950215,0.2396627080915829,0.14285593625833073,0.924022490610673,node_7,0.3987226731799471,0,1,0,0,0
2023-01-01 00:50:00,0.112251342,0.555723222,0.24673474776003193,0.4259839985086355,0.011117579005064604,0.7677039364910735,0.9890870270458154,0.7218464490002171,0.3885250607599683,0.6095639101398955,0.13441993453902382,0.998148065930345,0.7462377414324397,node_7,0.3035589862007123,0,0,0,1,0
2023-01-01 00:51:00,0.899712672,0.045012106,0.29853305629985577,0.3598891511752476,0.02896309823667431,0.44687286683594873,0.9546307050705376,0.26001472753301724,0.05233055778554105,0.5421517958026023,0.7203488914716835,0.009825183277996447,0.47157673506954756,node_7,0.4112587089780907,0,0,1,0,0
2023-01-01 00:51:00,0.072352087,0.084983597,0.9074286373430344,0.3626194980762539,0.954199683763882,0.7858013492972927,0.6024069472344346,0.002488140295382933,0.5696083184215055,0.11634351383649999,0.2759724382494396,0.608928070056063,0.6704289468288253,node_7,0.907407254635232,0,0,0,0,1
2023-01-01 00:52:00,0.510309393,0.36843926,0.6128932760703207,0.8793271661499233,0.3886017394906197,0.6378580610337542,0.51167112454187,0.02490899317408328,0.6991295710737638,0.110430581553462,0.7559839971111462,0.5157551182502569,0.6814391611672466,node_7,0.16632880845094952,0,0,0,1,0
2023-01-01 00:53:00,0.077932319,0.67134909,0.7003840776111679,0.2894379781573035,0.10669469711968516,0.20563313738016153,0.8986307143581516,0.6015329823205328,0.7375714190865439,0.2600274056643441,0.5846462528050923,0.9926752296679415,0.6801114759458974,node_7,0.026997603862913597,0,1,0,0,0
2023-01-01 00:53:00,0.42858696,0.737799189,0.5973259706316042,0.7306731813574685,0.8626686206729708,0.8261794276766716,0.20394605713312097,0.5461352631086778,0.5327019187747379,0.5764437662460068,0.8211741724086328,0.8599381579457807,0.7054243536509727,node_7,0.12951679833792346,0,0,0,1,0
2023-01-01 00:54:00,0.593414424,0.89699092,0.8513339809091888,0.9859747937256583,0.9600683985393181,0.722279388532573,0.4502548919762338,0.5844097414881806,0.7639220318305863,0.09294320561791608,0.7069135013428168,0.4636790093623631,0.24021948779930524,node_7,0.09862629097432478,0,1,0,0,0
2023-01-01 00:54:00,0.415100917,0.656906726,0.9942363739609347,0.6975152070980329,0.9950638810975072,0.4799012167861582,0.9690781397427469,0.8271500175231421,0.32964039306319615,0.007153502226403735,0.2550623821269164,0.021087471451511058,0.33058651922532206,node_7,0.1751222898141886,1,0,0,0,0
2023-01-01 00:55:00,0.800390504,0.768629132,0.7449288074889214,0.5911176517113886,0.37859271623979995,0.6367877893971753,0.7296307128607875,0.28568198098765396,0.7409512743597634,0.7004757409906751,0.47410522181614045,0.5013966389438763,0.15745378059981935,node_7,0.43304930985288204,1,0,0,0,0
2023-01-01 00:55:00,0.078337207,0.326804503,0.8749047298575523,0.540133754406764,0.12302286351010361,0.8420769564553021,0.8824568629055862,0.8226229260150036,0.45535223328218444,0.035456663056365315,0.8469742884993225,0.7083430419591344,0.598885416147785,node_7,0.6919862389701246,0,0,0,0,1
2023-01-01 00:55:00,0.636717831,0.718314701,0.571142249592924,0.2687487429471522,0.34158283974922055,0.9077194613847048,0.11106392924284142,0.4610226361003819,0.027282506060308603,0.6038604121928589,0.9076437490626335,0.411470414593676,0.4966538299496015,node_7,0.2572249927240854,0,0,1,0,0
2023-01-01 00:56:00,0.974468562,0.455316182,0.3834262102713021,0.5604017568295129,0.30046190832920083,0.5046168688158921,0.3410020634852057,0.7356805641764812,0.668245005322061,0.7166805019880134,0.16166938011455131,0.8904740420725747,0.25652202466409246,node_7,0.8096447940274913,0,0,1,0,0
2023-01-01 00:57:00,0.687463061,0.185520279,0.18495803813832895,0.47647399863976575,0.8423069566583901,0.2857432954980307,0.6089451667863185,0.34233144247320524,0.6125693229102503,0.5303386603128717,0.11323116636975697,0.3097409309901461,0.5735020379669715,node_7,0.5103327978734606,0,0,1,0,0
2023-01-01 00:57:00,0.898337047,0.301237463,0.4862023677297189,0.28329779745717476,0.8223913924654085,0.8213006849795609,0.9212249150167101,0.07543294888574452,0.20152509946673453,0.3984527481596406,0.10956031838004876,0.8908487150333765,0.08221503504643843,node_7,0.6551429259119059,0,1,0,0,0
2023-01-01 00:58:00,0.86947959,0.377522583,0.7478588116004605,0.23374112309622425,0.24019961118790162,0.5639943280058521,0.5887266982095056,0.9682677817458167,0.536816232963964,0.49558404589269867,0.792741960586172,0.8550214723565491,0.656017235308053,node_7,0.28419761731187587,0,0,1,0,0
2023-01-01 00:59:00,0.962719976,0.461441645,0.8847726174385738,0.47203478152959166,0.028244164575930375,0.21596298793851046,0.27221787189913815,0.9715197232153774,0.03832438942422561,0.4292558272461059,0.6135704952202118,0.317140262921762,0.2754935740866275,node_7,0.7247820551464741,0,0,0,0,1
2023-01-01 00:59:00,0.48888993,0.673962576,0.3606719269610882,0.2902858894797793,0.5975966624125161,0.7133483175658908,0.20393043482935894,0.8190399231205231,0.2527914837976602,0.9367890831845508,0.9438114788511052,0.9717836880312097,0.6506180140602217,node_7,0.08386497393607438,0,0,1,0,0
2023-01-01 01:02:00,0.804353528,0.570155169,0.0875084485199675,0.8142980808960408,0.38407655031373633,0.640246557782765,0.7867092434906001,0.008535672688493992,0.3603521518984063,0.4658745215511265,0.3601193433253538,0.6895200976316884,0.8657811597305759,node_7,0.8825895440798756,0,0,0,1,0
2023-01-01 01:03:00,0.214998994,0.13947934,0.8714399052769579,0.8730604927924989,0.40265654707495124,0.41170762036232383,0.2527838392300706,0.42506397919354827,0.08844164882210473,0.9598269182370568,0.7509011806012299,0.8517813987338199,0.293522435764583,node_7,0.10480599738964361,0,0,0,0,1
2023-01-01 01:08:00,0.876719136,0.274538522,0.43168696239138055,0.3479056762738856,0.4619572201016299,0.2598517907346667,0.46655910947749346,0.7511949845559265,0.7182739827275679,0.08854778074551843,0.5672518565374101,0.8664644885250842,0.4506604604976928,node_7,0.9011327569607143,1,0,0,0,0
2023-01-01 01:08:00,0.090758243,0.866828349,0.6721059598728696,0.7414385295955506,0.26143366845015714,0.6199315924474544,0.3479736475516223,0.9771591441312333,0.20437465721490367,0.6201283801391453,0.9444637045643423,0.7373097655703671,0.09592871180503891,node_7,0.17727577591549815,0,0,0,0,1
2023-01-01 01:09:00,0.106577656,0.228138919,0.08831610526155276,0.42113246528911424,0.4561120362437976,0.9484827384834508,0.6447914504556672,0.0243072383853489,0.26523975164776575,0.6270675513438396,0.9842101786675156,0.9205541967938278,0.9474913563158508,node_7,0.8699118461454178,0,0,1,0,0
2023-01-01 01:09:00,0.735906849,0.474956082,0.6937682166164127,0.5884946377499571,0.8201695643208808,0.22975720394012072,0.8664596725579561,0.08920091772591711,0.4445398706470781,0.14071219075666108,0.16485583198949055,0.919395615694286,0.2779074185880659,node_7,0.017805398619547903,0,0,0,1,0
2023-01-01 01:11:00,0.303636772,0.528456895,0.49630205615508,0.6818823822508636,0.0533198847574729,0.8244338040545551,0.11586614929196153,0.8084704283002792,0.9638579746848304,0.9721918343218555,0.5615895858022162,0.33735639065891476,0.8025521107345541,node_7,0.19507354947656477,0,0,1,0,0
2023-01-01 01:14:00,0.470846986,0.385672545,0.2181913383495386,0.1146450212986,0.9672401056505566,0.6082773600732505,0.23736092116038526,0.08460965816171452,0.08786529404471063,0.4321677689336989,0.7359897367680204,0.27005615009509204,0.9100733944429955,node_7,0.8822362871796969,0,0,1,0,0
2023-01-01 01:14:00,0.161172453,0.804604477,0.5172592491132638,0.8142242202494769,0.703315600012959,0.2215118203506773,0.4382632727943894,0.2841805124522634,0.2610532257495614,0.3916460708245363,0.7130988782652588,0.4823857153530946,0.10650976409148813,node_7,0.4198798123909735,0,0,0,0,1
2023-01-01 01:15:00,0.252707456,0.838109992,0.0929909522193569,0.9989899951585841,0.22623251472947453,0.48487403508388177,0.5402139461991006,0.9360811379513803,0.4487931763067634,0.6134657647240924,0.7373675137452751,0.7827714137042705,0.6533130760606809,node_7,0.06943144257877033,0,0,0,1,0
2023-01-01 01:15:00,0.346189377,0.478235036,0.3473468683084335,0.5198540368814629,0.8768382307833804,0.8756673988942713,0.9208420515632773,0.2605159587464423,0.4958249904133477,0.1604114686937811,0.45256323424789974,0.3784220751902152,0.9143045916130478,node_7,0.6326999909556771,0,0,1,0,0
2023-01-01 01:17:00,0.743597891,0.182785202,0.28772550791091184,0.5689366335424154,0.04663374422370781,0.9172487924594738,0.11820957236372666,0.2774888576047915,0.018193566392430666,0.23936840702590026,0.1808806369560683,0.8146906786836593,0.07583058314600771,node_7,0.18835561449754948,0,0,1,0,0
2023-01-01 01:17:00,0.431937116,0.999344076,0.8441813935194123,0.36838827402516666,0.36072702277406954,0.7871898589142947,0.04812009578434554,0.9742327543501101,0.3821097323849819,0.8366783411802323,0.5683045912979189,0.4883940358266056,0.45393448593641966,node_7,0.600655726074457,1,0,0,0,0
2023-01-01 01:17:00,0.872576517,0.29022005,0.11207220695034864,0.5257056661056596,0.08180178046778946,0.9478243300106031,0.37598554690366276,0.24248743934692735,0.08523569001787629,0.0852961397711466,0.7687565644079072,0.751985189796482,0.8402783506994612,node_7,0.7872529843178503,0,0,0,0,1
2023-01-01 01:17:00,0.334903585,0.079294504,0.20545922850748943,0.4100161690788914,0.27725511004198067,0.3148460046725715,0.49059449866108346,0.027702793230023823,0.41843419364999224,0.6268749362571934,0.8954198413644916,0.7926154313931256,0.8164903185548725,node_7,0.3338991419628747,0,0,0,0,1
2023-01-01 01:18:00,0.941773814,0.849015084,0.7151707948477661,0.9517870764520222,0.63964229330357,0.5230605938140518,0.29520884965042016,0.45604926922533723,0.3764310879206919,0.3069269406983085,0.3912474568710485,0.452079344738266,0.11701081052930593,node_7,0.8411781050640159,0,1,0,0,0
2023-01-01 01:19:00,0.619049351,0.298214072,0.49010677959186616,0.5250201581048357,0.6147177860428312,0.2858882528500508,0.327805823449714,0.7279330695894675,0.5483526206238067,0.25704921685789395,0.17147689575595534,0.8483399033285921,0.42138157710877044,node_7,0.49018760166731923,1,0,0,0,0
2023-01-01 01:22:00,0.348722525,0.496400047,0.23435057142421145,0.8803456570656248,0.5183028520087534,0.48501920409102445,0.3269592123571483,0.044493663593585225,0.28078660167307734,0.07566092478057658,0.12513677855330763,0.7676034743865732,0.7848816266391905,node_7,0.3372180159398994,0,0,1,0,0
2023-01-01 01:24:00,0.658226715,0.349727948,0.012859253538128968,0.851216178070972,0.5189968860472304,0.8077324699365916,0.2936670400398666,0.08360433976633912,0.943726882217446,0.3341505859840871,0.9465958968118737,0.22629639317627406,0.679906572702199,node_7,0.560185347980035,0,0,1,0,0
2023-01-01 01:24:00,0.032388056,0.809627322,0.7646920940561739,0.21903565856701418,0.30426844228740535,0.1257129591397702,0.11511401729370596,0.31856240784979295,0.2414113078201221,0.6709150696182578,0.2838509251899978,0.08956995267012775,0.6069416079509967,node_7,0.6838197780746068,0,1,0,0,0
2023-01-01 01:25:00,0.4587562,0.198416176,0.6501247451787172,0.26635435058703655,0.5704237834890377,0.6162767404947704,0.5303812029249948,0.4348747432720203,0.18732132366867887,0.4678214454052806,0.28081926774016946,0.6428014860886524,0.8919707333536167,node_7,0.6775994891083622,0,0,1,0,0
2023-01-01 01:27:00,0.820990965,0.053023961,0.3474603553178431,0.14984957372344315,0.6880762316179759,0.4205015416103699,0.025588038697564364,0.3219619467632897,0.10783387756541918,0.41742272678589054,0.20911867645461873,0.2091583272239337,0.10705547049719667,node_7,0.8887424522760998,0,0,0,1,0
2023-01-01 01:28:00,0.155833628,0.775980378,0.20547610389364607,0.4458234678800769,0.7256552464399332,0.5717865127662954,0.4851987841837447,0.7707112868206408,0.02467553928622271,0.18159515672619675,0.8243177651277903,0.0033648750474005408,0.3574283274572523,node_7,0.5220388180473234,0,1,0,0,0
2023-01-01 01:31:00,0.422432249,0.404687181,0.606335165252439,0.18672298890723557,0.30026832845398765,0.5411353862291213,0.32623019548389415,0.7241442028708048,0.3190531276234139,0.5356649384031192,0.1721665989608333,0.9887445143094653,0.3264452920525645,node_7,0.24116581528610154,0,0,0,1,0
2023-01-01 01:31:00,0.964719225,0.098498371,0.4074753816430993,0.1637369907416003,0.6691370761005911,0.13814195198899737,0.8939512668267924,0.6884461830374973,0.03092814907080013,0.3207016416777734,0.040633951246467306,0.17635870782641005,0.08633805514124968,node_7,0.25203108496865806,1,0,0,0,0
2023-01-01 01:33:00,0.83375731,0.883235703,0.7373028277359907,0.08240694959183957,0.5193892031648485,0.5681098701385491,0.4090449640165384,0.6164719243053317,0.6670044064068099,0.8508195114896192,0.6678137087854201,0.7048672979712728,0.3169228623404701,node_7,0.9100823140188965,0,0,0,1,0
2023-01-01 01:33:00,0.689791247,0.147831591,0.5505596654031746,0.1409551947635173,0.9057046209771731,0.45637961242865954,0.07516279642385723,0.04656257688351444,0.6872036233237335,0.5144222607038894,0.6842279001628856,0.3726848590081071,0.9653969414581803,node_7,0.26162021682899833,0,0,0,0,1
2023-01-01 01:33:00,0.80953951,0.112415411,0.8953502269016176,0.5850527426201751,0.9259005388205039,0.5718488952128904,0.9231585080393084,0.6953089926352403,0.0358058025897367,0.43421766394126526,0.4424187502974883,0.34593793318003135,0.5174655380891277,node_7,0.20655575938838583,0,0,0,1,0
2023-01-01 01:34:00,0.677120015,0.971646463,0.4372395744412321,0.44766708576880365,0.9128568395194385,0.07277359509743771,0.11031285684658036,0.16762402875724408,0.4985034676439659,0.032763254471689846,0.6472218420419749,0.5961823235312097,0.03585948975075529,node_7,0.9283074027014209,0,1,0,0,0
2023-01-01 01:34:00,0.752208992,0.179802227,0.3158774371674983,0.4656922399580293,0.030106109289744776,0.8130670126401411,0.6113094275638665,0.38724319669756696,0.8106832131236529,0.19250611579112287,0.7860727980140694,0.9093109514351074,0.0898603963484928,node_7,0.4956136430950705,0,0,0,0,1
2023-01-01 01:35:00,0.084311125,0.473108438,0.8330952046752631,0.6544692182805493,0.6455610262512705,0.4605402044939519,0.13281015657770956,0.9656167164970078,0.06666039342384991,0.8139898696702064,0.7302718531965184,0.29580205388883907,0.5094171499928389,node_7,0.8997339162177678,0,1,0,0,0
2023-01-01 01:35:00,0.242277804,0.938788287,0.11295926826230611,0.43741894405826204,0.4940691342550211,0.47511259235903164,0.6243642237843472,0.8706999590500869,0.04708554798647793,0.4654574002122627,0.9276165184220098,0.8824189022250958,0.6613708701240726,node_7,0.8168373345526677,1,0,0,0,0
2023-01-01 01:36:00,0.139077626,0.809155298,0.8871995531115306,0.22499507293474424,0.9626761072511711,0.6437157807911079,0.6985401762671922,0.33894604659548544,0.18098231559436012,0.7111982063719418,0.250245906963841,0.4815138633047842,0.6290441073075755,node_7,0.465846091412887,1,0,0,0,0
2023-01-01 01:37:00,0.656812766,0.678971795,0.3690226149591229,0.5754464475282529,0.8235284213276219,0.05430047064261999,0.5862724051656876,0.5960217049493072,0.7135921999914008,0.8659542313260312,0.8197588904417201,0.8056665520168227,0.19371799061510003,node_7,0.5230187958169232,1,0,0,0,0
2023-01-01 01:38:00,0.48687285,0.501016866,0.749724390465916,0.2529528804227779,0.4823147856290583,0.24581717192366415,0.16585207770646757,0.38298784554603393,0.9478823734982149,0.2590868744709536,0.33009842785470084,0.7792499992576423,0.2745765983893406,node_7,0.005912032482321819,0,0,0,0,1
2023-01-01 01:38:00,0.168255178,0.08503045,0.5978970959097836,0.3827562015996339,0.8355320054838937,0.3839860117752117,0.14816144755275842,0.3757337490719088,0.8860941640802684,0.3213863973150233,0.6450037672817894,0.9169888692478315,0.9645823919651897,node_7,0.18763407635515758,0,1,0,0,0
2023-01-01 01:39:00,0.596092092,0.348761366,0.7386996791361177,0.1664161109441765,0.38491767740571514,0.7407919420561145,0.32475919238899026,0.9871614808155122,0.1329807435500775,0.8278378550677591,0.9529515878143804,0.7469477084396192,0.039280443460170386,node_7,0.6714294677292784,0,0,0,1,0
2023-01-01 01:39:00,0.142172675,0.689063509,0.5966915551290504,0.9248732313526631,0.4613417088509749,0.8979495818626143,0.9923375936368389,0.048949179391744355,0.491355161922436,0.34049816937911026,0.16325085838658296,0.01973322350698455,0.3291359920800921,node_7,0.5570878405110312,0,0,0,0,1
2023-01-01 01:41:00,0.087843102,0.272718387,0.8769914571454892,0.32430168724846037,0.10551895293258567,0.29137991477300074,0.6824833936833694,0.9548247979465978,0.5377082494613041,0.6988548286261088,0.8606935781618835,0.2420952986534169,0.2991040311979079,node_7,0.9242704044941132,0,0,0,1,0
2023-01-01 01:42:00,0.187834862,0.044183835,0.3164008273816647,0.6174513652323717,0.8075458731820364,0.49489549792716514,0.19075027834202749,0.5606761236442095,0.35454749661958634,0.6804363296015691,0.3456212135462026,0.7289974084530245,0.9652028382889248,node_7,0.13240630221240515,0,0,0,0,1
2023-01-01 01:42:00,0.401874045,0.113021276,0.9746744499322318,0.07670446802325682,0.09581144142820663,0.03767710562056605,0.1455003247000448,0.7763026956284196,0.5815132622684972,0.7800107189186036,0.40376760341170004,0.4379336359017244,0.3856052674721077,node_7,0.06701849035729099,0,1,0,0,0
2023-01-01 01:44:00,0.290715726,0.955945086,0.537281452362412,0.6019148497282786,0.5565807561636229,0.476593296186666,0.2170157235849711,0.15731323622490895,0.39603383497460154,0.22678245591248344,0.42284836492463784,0.09444157852705276,0.35204007708389823,node_7,0.9295842842821253,0,0,0,1,0
2023-01-01 01:45:00,0.715359007,0.411962397,0.3348909411012345,0.3725198587423776,0.549610974062588,0.3507726007285489,0.6238874870949225,0.7613588399205915,0.06009522293901462,0.2089001046567412,0.4648794277948303,0.26519501648212934,0.28626284018574577,node_7,0.09785411417643773,0,1,0,0,0
2023-01-01 01:47:00,0.828901784,0.533032584,0.6375480446159424,0.21655403209326549,0.8559892265141225,0.39227453429955916,0.2282775311170582,0.6363372961033251,0.1974255694972018,0.3233259556835042,0.7351458674982074,0.11261931680423612,0.9679175350724496,node_7,0.12845032667594666,1,0,0,0,0
2023-01-01 01:47:00,0.638455302,0.761356599,0.8176875308379545,0.46526965325877506,0.45301251532516307,0.3738909871738454,0.034613383503608985,0.4882301573571383,0.790134958022003,0.40260141150819184,0.7405141412648781,0.9123790370039153,0.5316604088345683,node_7,0.08378463741335183,0,0,0,0,1
2023-01-01 01:47:00,0.569457711,0.174648469,0.2079169634479707,0.681519321072686,0.8535007108858472,0.2304744070251644,0.5564151051802171,0.039688575716372396,0.5353634030062971,0.0965271972329963,0.7930708257849411,0.44191982071318686,0.12803175078507323,node_7,0.7938199538321148,0,0,1,0,0
2023-01-01 01:48:00,0.68632115,0.085575228,0.015896188697827277,0.3363974198325076,0.18494431464650102,0.35117069920746957,0.908305139792997,0.02727029296297373,0.6510730073133171,0.8407291877667082,0.908836184415956,0.10062504359354806,0.5618149678920307,node_7,0.1175407998017393,1,0,0,0,0
2023-01-01 01:50:00,0.683376316,0.439820401,0.38692766751709284,0.08475079115944192,0.08162614578981608,0.05709603447629341,0.6511659364469875,0.5308841294315321,0.7009249331717371,0.6603172849174198,0.12352149331391216,0.12105643622302226,0.7533310418461748,node_7,0.11350099056692267,0,0,1,0,0
2023-01-01 01:50:00,0.159301322,0.725539661,0.5939855061200127,0.833595673323981,0.003593143811533861,0.03788388919432053,0.32864008715375237,0.8780999765584122,0.4447222793844534,0.23040968732127357,0.33894714434942474,0.6682860525247496,0.4769451135575244,node_7,0.08204549716649324,0,0,0,1,0
2023-01-01 01:50:00,0.178660396,0.797311683,0.06535549290337916,0.9239123579413359,0.5918529617476973,0.40479465638206097,0.2488459634804682,0.7183801834826269,0.05501845909572983,0.16221556993649858,0.75115245422132,0.9346482643314226,0.19975098620154844,node_7,0.9466311558876029,0,1,0,0,0
2023-01-01 01:51:00,0.424749095,0.263727679,0.9529034474901741,0.28842344662626185,0.6756625289314777,0.556457523955576,0.5779095551796585,0.05561716790794678,0.3753016212824555,0.4489511939865093,0.7703144482637485,0.4264293216910697,0.2512719548085901,node_7,0.9449958499927824,0,0,0,0,1
2023-01-01 01:51:00,0.878441637,0.45241411,0.16752948997575695,0.9517803678932967,0.29015542743340184,0.701775819178107,0.8329318563582115,0.8017503430269058,0.6098000970016034,0.8864722422148444,0.803580238664914,0.0333063989680794,0.8581766288052364,node_7,0.1816077695630094,0,0,0,1,0
2023-01-01 01:51:00,0.90679001,0.295601276,0.4039448521251479,0.18222479413078072,0.6172475544821655,0.43148862023414664,0.225498965959656,0.5169114053926624,0.33181610466581063,0.584285346919964,0.7398935530025099,0.5138623320516098,0.36141100520199365,node_7,0.6444042566743493,0,0,0,0,1
2023-01-01 01:54:00,0.693135839,0.460937705,0.29862817396760116,0.03347994943795318,0.728532925426219,0.2170119277195199,0.7252698330939266,0.5059077729624561,0.13326779194706,0.8473535314972818,0.7497533148546619,0.11239801571237837,0.1292830682851505,node_7,0.33445457514007765,0,1,0,0,0
2023-01-01 01:54:00,0.415414791,0.688815255,0.606161737291473,0.08238797612574898,0.6948822584022736,0.372120788651556,0.8330611246012338,0.6044753976740646,0.3190817555357202,0.07424321286927932,0.4556829952980185,0.17199633153382804,0.829553937662736,node_7,0.33880513231468073,0,0,0,0,1
2023-01-01 01:56:00,0.46349367,0.02530536,0.8495631733522416,0.2942583475540218,0.40710201780102795,0.22504249116220115,0.03228033805076628,0.9179461339399183,0.6518903673072206,0.42703702356114537,0.7880825034174729,0.7293903184000663,0.9506107628249195,node_7,0.006273159867862823,1,0,0,0,0
2023-01-01 01:58:00,0.542085036,0.882044907,0.15696973186578697,0.45584734027740187,0.6878687337655102,0.3032913600345355,0.74478212309584,0.6634420431142681,0.7935046220007894,0.3503395180390019,0.1705840368098477,0.5559410907164533,0.842756679505908,node_7,0.6785579264814858,1,0,0,0,0
2023-01-01 01:58:00,0.616625118,0.938213619,0.6729491320785791,0.42832590580930563,0.6206088960873415,0.3341733677013198,0.020920615453631553,0.3225295968535915,0.9508128579261326,0.5067573617191604,0.03727872066002516,0.6043306916358476,0.9750060499684173,node_7,0.14748301287448845,0,1,0,0,0
2023-01-01 01:58:00,0.732828068,0.859243004,0.861791505334378,0.2504496558099627,0.7269531968113392,0.1569486973304908,0.9229046116999121,0.5399799149019234,0.5764123634720955,0.18675856879487507,0.22788653000170378,0.7210915927488678,0.4707380484323183,node_7,0.16304971914162572,1,0,0,0,0
2023-01-01 02:00:00,0.811516623,0.968689866,0.7957449955590493,0.524876091343699,0.33414261258784694,0.3887921900739872,0.26089069957520744,0.26718073310989854,0.4453271252526082,0.45189629575725165,0.012723350807070169,0.9742781744626405,0.5252143823059525,node_7,0.2412850010405363,0,0,0,0,1
2023-01-01 02:00:00,0.107703617,0.516720504,0.07085906332575942,0.12662839904911155,0.34500873852849234,0.8176226255828378,0.8939217066814102,0.3085393254288066,0.5807142776084783,0.02189453179093631,0.7830641580469372,0.10189578311451648,0.8772630950154868,node_7,0.008074211550166254,0,0,1,0,0
2023-01-01 02:03:00,0.169631236,0.359264623,0.14069419169939265,0.2436148831294904,0.8826887749322803,0.29925124164484823,0.6337184264953921,0.8096217276003934,0.5520868040073398,0.8628198873645588,0.13865657749443946,0.10410898934083024,0.14530383856156381,node_7,0.4873181035319508,0,0,0,0,1
2023-01-01 02:03:00,0.862847772,0.055426246,0.08937944269158972,0.31410894802290296,0.15438799554523402,0.9808600305751725,0.4313339692977896,0.9563288235172174,0.15050790035224515,0.7876475527717487,0.5263408340900422,0.7647671312948341,0.4389358560884457,node_7,0.5551537388852023,0,0,0,1,0
2023-01-01 02:06:00,0.7746107,0.884813461,0.14383794136731876,0.009770671500846156,0.1833005884923179,0.01776017778829596,0.9322684805413934,0.9283121032092008,0.29423975718836837,0.4056745546377465,0.5364978612113066,0.6515113641160726,0.008521909109244429,node_7,0.6031707349656311,0,0,0,1,0
2023-01-01 02:07:00,0.364384517,0.344461046,0.41631462309725376,0.9163056658536084,0.45282278112621077,0.5516055823384143,0.23199817375637055,0.2587635108957977,0.6071848570708028,0.4957349237022465,0.32352939638498085,0.9047343024339334,0.302384201429192,node_7,0.37539101243753215,0,0,0,0,1
2023-01-01 02:07:00,0.865857595,0.725859708,0.6369384621605247,0.7034805843179608,0.16640509370645867,0.09542408386563422,0.02450163008271749,0.4534335406261009,0.31270129302497457,0.5497398495619937,0.1773806290258998,0.35674491710597467,0.8051364160041492,node_7,0.3373529338206906,0,0,0,0,1
2023-01-01 02:07:00,0.383853178,0.323661014,0.4951952615626693,0.4533196618005216,0.643131641490123,0.3137977944815731,0.7616284397781465,0.5045211923750029,0.4605882057509273,0.16906324370879655,0.3572491842065844,0.01778513112193977,0.014698813171908487,node_7,0.3023933351492111,1,0,0,0,0
2023-01-01 02:08:00,0.022139297,0.801982893,0.6086102076474548,0.04281125836769188,0.34657043930122666,0.3649885026520841,0.47337654010550395,0.7964827100407794,0.5733475682352583,0.11504346138936986,0.44511439345286,0.20737197333738167,0.587850499335473,node_7,0.29603775839258,1,0,0,0,0
2023-01-01 02:14:00,0.907139795,0.480597949,0.420060802897353,0.24779205689578035,0.23786508752478475,0.7956654717635783,0.08989821306645646,0.9327421095450942,0.2144484954882412,0.29514969250624845,0.5454259428793503,0.4832399125091168,0.22463085014976866,node_7,0.25404096771362167,0,0,0,1,0
2023-01-01 02:14:00,0.876683102,0.661749166,0.6602595053023063,0.3989796423169571,0.854129439945114,0.18841340375263513,0.44511181511713016,0.22032096698158637,0.4769214626831648,0.8246954090157322,0.19016599540837384,0.00974587878309079,0.3863391824505964,node_7,0.6321781882871074,1,0,0,0,0
2023-01-01 02:14:00,0.633370292,0.988602658,0.2918677808538662,0.6499191674501552,0.08341692736343664,0.8043834875431564,0.3146989574171297,0.27059263687654717,0.9185964485245319,0.19125146029054946,0.5332720114091395,0.5511056231996956,0.6428661095956215,node_7,0.2053535634099063,0,0,0,0,1
2023-01-01 02:14:00,0.37327766,0.88289625,0.22210660506816576,0.49061245075544274,0.24904919805448267,0.6073274243764053,0.6468561069940961,0.7105346717005869,0.8879257706797059,0.9804107790616109,0.7352436114810429,0.6073899796332436,0.065081846656698,node_7,0.8982681416660041,0,0,0,0,1
2023-01-01 02:15:00,0.222096843,0.238183263,0.42247159750974306,0.5645445390947453,0.9487623775215346,0.9615778753201271,0.18443057792422288,0.11207447693915835,0.4820080383271823,0.13389000959926253,0.3980214388035302,0.8431435523970553,0.6722658072721224,node_7,0.6072650304655337,0,0,0,0,1
2023-01-01 02:16:00,0.858255416,0.265117952,0.4141917935348319,0.8024447691341055,0.41509737792047685,0.7738999341479539,0.9839768783562911,0.2922043772350413,0.6811392704069931,0.6445837297206664,0.5810211633240332,0.7567808636071369,0.9538425554570834,node_7,0.33155603472414685,0,0,0,0,1
2023-01-01 02:17:00,0.160564135,0.323443153,0.6352670521032924,0.15119908183681452,0.8793207345886613,0.5043716073411317,0.2718456024654578,0.20903716865957261,0.5183123014553402,0.45446929314142326,0.1297781880324546,0.1706393581936652,0.9663462691460253,node_7,0.6187071231776585,0,1,0,0,0
2023-01-01 02:18:00,0.504676146,0.856619359,0.7538812730075147,0.6696955955697439,0.26095900249818393,0.30824325638344385,0.9636433921081785,0.9279759416610139,0.06962696710338004,0.32006053829754944,0.9677288126572999,0.4103955961693231,0.3212253701112663,node_7,0.39760162525605325,0,0,1,0,0
2023-01-01 02:19:00,0.64767851,0.727004114,0.6294367227561211,0.5518742441810742,0.1976806334125823,0.09207994966483975,0.21113326565498278,0.7890154038592931,0.853998047993242,0.4152380720493879,0.7784288511362408,0.2335407563240792,0.23700504285536073,node_7,0.5253698175198104,0,0,1,0,0
2023-01-01 02:21:00,0.532189536,0.275326224,0.8393711553359733,0.8618178418761877,0.04625081124133129,0.5017620656241951,0.687938242252801,0.6045351077761016,0.10305666309461456,0.215717447147386,0.4916153676931512,0.2803963262804956,0.28448723025351635,node_7,0.005342997061685482,0,0,1,0,0
2023-01-01 02:21:00,0.699844157,0.957441509,0.9828518242888524,0.05864435867803954,0.7455990199273419,0.47608429602502567,0.3013219077773792,0.23269534531190011,0.1499554386718529,0.025076336930840805,0.5175896141879534,0.9153866490635841,0.23408465856417268,node_7,0.31713492406601546,0,0,1,0,0
2023-01-01 02:21:00,0.541667514,0.08263824,0.5312436516319102,0.8112453241727122,0.31372291609569425,0.5491741391046204,0.26781237803784147,0.722729405786364,0.9440173968488652,0.6582007333367964,0.12532493696767738,0.11987860443297528,0.7868944529137942,node_7,0.9541182207781408,0,0,0,0,1
2023-01-01 02:21:00,0.887277543,0.468007856,0.44931263386747766,0.9872070230123902,0.7080624504536757,0.294115600742361,0.3931203012502231,0.034694516093223216,0.7609189163422126,0.7456649947349944,0.7515011911601793,0.2546054057065713,0.8906034894470287,node_7,0.8118962154115036,0,0,0,1,0
2023-01-01 02:22:00,0.484432868,0.473164895,0.36725466309057736,0.5128567921287369,0.5999058449720318,0.37049239015900837,0.4105823377001013,0.4118842343357911,0.22832347892473243,0.35123867419874966,0.9850673143364573,0.3529985981353177,0.27423530327781054,node_7,0.14518437170986637,0,0,0,0,1
2023-01-01 02:23:00,0.312118794,0.971205676,0.5213639744345391,0.9353640586876345,0.9621882031106777,0.9711459225779592,0.4579950359222108,0.6995444904235005,0.5819261658424026,0.675652654898153,0.8024833557235939,0.5783664128100222,0.3868317460016914,node_7,0.6730960427779057,0,0,0,1,0
2023-01-01 02:23:00,0.977251419,0.041775801,0.6382625764205941,0.07213197569641347,0.5533462782395476,0.4063664363291373,0.8066196355127709,0.6851452765170588,0.2506174443248411,0.4815411278364997,0.5771194504717414,0.8167498988757081,0.20772312404773313,node_7,0.7289394583791876,0,0,0,0,1
2023-01-01 02:24:00,0.496664276,0.867600166,0.33476611155193764,0.4925471108911384,0.7517572468090126,0.2684185895319955,0.7305880307096954,0.6502958891264156,0.37163856024328634,0.3142833032891621,0.13085708204722857,0.7801005774301241,0.9395165819786089,node_7,0.6622682434338203,0,0,1,0,0
2023-01-01 02:24:00,0.783127724,0.895622411,0.7211278697719278,0.8211097475242466,0.8918219292232732,0.9392009717831988,0.7420964774826296,0.04529331030064937,0.6257178207392589,0.8020760316454175,0.4279706166425876,0.46047513668482043,0.4499899930501235,node_7,0.40324172606121966,0,0,0,0,1
2023-01-01 02:25:00,0.496161302,0.033393952,0.2170146507034875,0.25565572183300567,0.2427028244812232,0.6527262064245516,0.9759585165297897,0.04466968209088519,0.3254041472461416,0.2644093838702115,0.9243184486351218,0.07677592840246128,0.35211568834871765,node_7,0.8218977747557032,0,0,1,0,0
2023-01-01 02:26:00,0.736715176,0.180201229,0.3694783590039281,0.29325687833732555,0.5434824604625914,0.20303623025371917,0.753805008115112,0.9944393777922307,0.8664155381884053,0.30855659776955136,0.7673730435847536,0.34226731922138026,0.9091576246946307,node_7,0.046036826134489665,0,0,0,0,1
2023-01-01 02:28:00,0.58091743,0.552739197,0.8109053515981911,0.9781166749369831,0.6900313401460171,0.2769059154317716,0.11488204696484988,0.22540894687763274,0.27988495809609965,0.8511212130125575,0.5102066664674566,0.5911982808612486,0.5604157649357303,node_7,0.8718642753358088,0,0,0,0,1
2023-01-01 02:28:00,0.407334352,0.964654787,0.581895110828856,0.37837699256476065,0.46672320927705924,0.5329552265262842,0.5288802955515833,0.8591339454968747,0.42070943393402227,0.7847960198034531,0.3157687937044654,0.9631174682117791,0.8178438743077946,node_7,0.954139451544376,0,0,0,1,0
2023-01-01 02:28:00,0.865719245,0.503348312,0.772290069019513,0.6221436388077604,0.03382517780621974,0.057307095364011684,0.35662190951066003,0.8961031893190762,0.39014121000104607,0.49758352454226373,0.09637950094756417,0.3327080542613528,0.5057891210536496,node_7,0.6376942502857798,0,0,1,0,0
2023-01-01 02:30:00,0.51754783,0.13535068,0.9266360574417848,0.37877660516290335,0.45495045534303535,0.6929954358558154,0.4040409285411941,0.013379713007000443,0.2595093746424491,0.30595602909184083,0.3689358648877457,0.7598916471703138,0.2969089702391404,node_7,0.6015790419501188,0,0,1,0,0
2023-01-01 02:30:00,0.550987336,0.109571669,0.5404788752099327,0.4330487938026878,0.37276736515884556,0.0041952131818552936,0.2887791026398188,0.21425605301438483,0.8069389983848462,0.22256879900902002,0.7391896243139245,0.5840877894797754,0.725175998191563,node_7,0.6714304860174974,0,1,0,0,0
2023-01-01 02:32:00,0.308801953,0.621791796,0.9792972339558379,0.4819234676435183,0.19099942469168252,0.11415878642463968,0.26835926918014996,0.9277501165745512,0.28294468438107323,0.43769754501344404,0.6588900672835096,0.6265607493989964,0.5286683834790522,node_7,0.0925278995948738,1,0,0,0,0
2023-01-01 02:33:00,0.411229225,0.180789757,0.9256377811089904,0.9070582669034037,0.4512874520803113,0.1761436785823433,0.8289230068768637,0.8702327888201848,0.36292336399776415,0.3336326670344597,0.09932007546142135,0.45142322269426166,0.9527114571216861,node_7,0.8408775951513249,0,0,1,0,0
2023-01-01 02:33:00,0.161638767,0.48946226,0.5830827972560021,0.4528835473328475,0.1022818791332738,0.9461529791317353,0.03488578331410106,0.14063768448102348,0.6352739304722473,0.04161637595738377,0.02551057294786637,0.09668360031709691,0.4331089827890385,node_7,0.38127176640032234,0,1,0,0,0
2023-01-01 02:35:00,0.202210019,0.001288393,0.33431686701872826,0.23509874018058022,0.5791308569051498,0.32320814216886073,0.05317454734260988,0.1800374765823996,0.6998422418613104,0.4868537211309326,0.23044294357189476,0.9803311923874757,0.9153381191139714,node_7,0.21388193826258495,0,1,0,0,0
2023-01-01 02:35:00,0.103792249,0.993130948,0.8578946223598783,0.45944381071031065,0.7175677161205775,0.18269405593222657,0.4614366657044766,0.8704153053397315,0.5202707407411159,0.47803028376626056,0.6260121537330067,0.10117880929739632,0.38751772087226194,node_7,0.08688355630134548,1,0,0,0,0
2023-01-01 02:37:00,0.19290876,0.591876981,0.3546385802923538,0.11261368221659285,0.8936395323820805,0.8293192528981835,0.6099597088434788,0.16583484773689555,0.013803355097310954,0.003960764676818218,0.681238495335233,0.4279774770866513,0.12171127900314982,node_7,0.7703983920407141,0,1,0,0,0
2023-01-01 02:37:00,0.793603128,0.918191421,0.002063738294184782,0.942990144445131,0.9288258156460985,0.6343751600631862,0.46495917017152766,0.6317736018649568,0.08496917622150096,0.3714303214962871,0.8569844548495232,0.8168692304101881,0.07491237622140472,node_7,0.9184504633281281,0,0,0,1,0
2023-01-01 02:38:00,0.684684439,0.271837822,0.8886426349183327,0.2055399175275239,0.3645887192685985,0.42681726804885856,0.5801082134167399,0.4271993351750238,0.7889932210367852,0.8034671803420727,0.7902964679965675,0.9007932625748857,0.874066035591394,node_7,0.709122329035444,0,0,0,1,0
2023-01-01 02:39:00,0.673046906,0.365375635,0.6292702750889778,0.8813192310881311,0.5196069757420615,0.45159753770730793,0.5410600452423777,0.3908148642762951,0.09445525436827987,0.6353074696256499,0.25514370258602126,0.4342105952441904,0.4147972866317719,node_7,0.039953355593701674,0,0,0,0,1
2023-01-01 02:41:00,0.400340031,0.183470624,0.6395148669968321,0.3501633262369809,0.9365295141415848,0.4569655610303946,0.45922299542237505,0.9509340906321448,0.028435271261408823,0.4800862910596827,0.42264792804292983,0.08858366645784777,0.564140422882064,node_7,0.39287669670850106,0,0,0,1,0
2023-01-01 02:41:00,0.912032159,0.440930888,0.38792039190035066,0.2176940678729506,0.8327918204891014,0.9604418475583278,0.8558834358171171,0.12681351616224157,0.9960288081018538,0.3784560621569737,0.8115020836780099,0.6649178769687534,0.023859072656344862,node_7,0.6809017582025411,1,0,0,0,0
2023-01-01 02:41:00,0.910728158,0.801880903,0.9612540770782191,0.6952304760978746,0.7133187044631899,0.9970344224587455,0.035519638577347995,0.6995338876508861,0.14378613351561642,0.8434731147362166,0.6822891699440238,0.928281477136674,0.1497327424114788,node_7,0.14593715401581375,0,0,0,0,1
2023-01-01 02:43:00,0.163411631,0.987668307,0.48956524607469437,0.8884339168689166,0.7704384788285239,0.46309446331326704,0.4541002100164736,0.9859621611935889,0.4901129963127051,0.2794163764591068,0.7703496839560601,0.7176727825908837,0.5447625943515408,node_7,0.009789757118053712,0,0,1,0,0
2023-01-01 02:43:00,0.385104255,0.197054689,0.501923975458384,0.5425879033899792,0.6548363357814545,0.41453542542275273,0.28335962297490536,0.6663455522057832,0.09368927415141173,0.902898589190967,0.8241569944741518,0.37766019767045694,0.5258791277647196,node_7,0.0860839891402327,0,0,0,1,0
2023-01-01 02:45:00,0.892105745,0.696375844,0.418110165284505,0.29204835880814495,0.07333507607141865,0.8965914908676972,0.08380352508775972,0.19520782199005532,0.714013289887651,0.29668007948389663,0.9538238636761922,0.7533412630726787,0.30132779403693016,node_7,0.01555351223721675,0,0,0,1,0
2023-01-01 02:46:00,0.379249438,0.597563944,0.0291178388347728,0.5540705254069577,0.21514478853969188,0.806864402261074,0.02899190304462829,0.7993438137774813,0.16189453692255568,0.6871021114262547,0.7400342001429455,0.20634861155765527,0.6165942413072336,node_7,0.16815438760131945,0,0,1,0,0
2023-01-01 02:46:00,0.081539021,0.216694346,0.4537174914196446,0.9269869928561825,0.010664133289149724,0.10528452045198634,0.4125270272908262,0.5515100243880736,0.6062513270624874,0.7170260664934445,0.062386512299927505,0.7434771989506767,0.09910108839266493,node_7,0.49831340204451985,1,0,0,0,0
2023-01-01 02:46:00,0.500914334,0.130899347,0.5876765829200886,0.021272606861890486,0.7641184467248117,0.16647002061974933,0.2511327283984679,0.8185454957567778,0.34238774527614246,0.24404152377197222,0.9864008991383418,0.45803292446904226,0.04832055441950997,node_7,0.8739425111229678,0,0,0,0,1
2023-01-01 02:47:00,0.256797098,0.790388653,0.8658251180934432,0.6473383573581694,0.44949373517469315,0.12012469415796792,0.4147671901230312,0.732311427789373,0.6519320420673829,0.8934906133007636,0.4311319997990992,0.15812550783549714,0.5225653903070184,node_7,0.7482914995851312,0,0,0,0,1
2023-01-01 02:48:00,0.198778198,0.190657179,0.861033726733331,0.6238125929175092,0.13018563884505452,0.044093506308189034,0.21090316330593353,0.647861044353347,0.08449967497925606,0.6933072730289238,0.8417444536070149,0.4058770854621591,0.7485618930227241,node_7,0.2681486499115402,1,0,0,0,0
2023-01-01 02:49:00,0.72728805,0.202666192,0.33649157985462136,0.1794652163238919,0.8954701536764067,0.8828091804667262,0.4322735734416227,0.8651532940005355,0.7209486961522938,0.1899596262090939,0.022598435988128933,0.014334451085022348,0.22920267649415488,node_7,0.005364124013203549,1,0,0,0,0
2023-01-01 02:49:00,0.546299573,0.59099352,0.1371245023840356,0.5937402471691565,0.5301208712202701,0.632895017381694,0.03103773116068267,0.832336098557227,0.06231652838542032,0.3286621315711743,0.25515110291576265,0.016974097526451952,0.49731540197512886,node_7,0.01045806685599757,0,0,0,1,0
2023-01-01 02:50:00,0.216738329,0.355444749,0.4883518247461701,0.8052780954365766,0.4546759867351441,0.18693892884723232,0.4228489228494493,0.7598485934999261,0.13516793228251806,0.9231212302411093,0.822090513962758,0.7562042787738391,0.07544861002394493,node_7,0.36011119539654085,0,0,1,0,0
2023-01-01 02:50:00,0.813860776,0.600482117,0.9808275161763165,0.16655072302254842,0.3698284910582421,0.4030155605425956,0.5633448322175858,0.4886822334276782,0.9828079670429426,0.7444073987411854,0.46885915310535475,0.315290200683724,0.6166621445705135,node_7,0.5613940118658347,0,0,0,0,1
2023-01-01 02:51:00,0.368267284,0.5130592,0.4150605222114029,0.7815105573794701,0.7730119550452152,0.6577860134772229,0.37650761115619996,0.5280323472419381,0.2839632190301482,0.016334176801277134,0.37172174112432244,0.8053671517100865,0.10739608449466403,node_7,0.2942518367822342,0,0,1,0,0
2023-01-01 02:54:00,0.112490615,0.905341645,0.20275715507838557,0.2121704979205306,0.9189035495414095,0.5920246470920942,0.0926293260962412,0.5576077743086293,0.04076769163702021,0.26477092286964243,0.02358971742174857,0.8004107378156058,0.3915371739733007,node_7,0.29089139185195156,0,1,0,0,0
2023-01-01 02:54:00,0.049651489,0.983431453,0.441966414161233,0.7196321142057884,0.8073755809158243,0.5259539688512213,0.1123062644267713,0.7141891454299499,0.9919336567801473,0.28011390482771903,0.7763813809451066,0.839879643398737,0.3447575377501877,node_7,0.7113262521013448,0,0,0,0,1
2023-01-01 02:54:00,0.119499247,0.332950934,0.32974028249651155,0.9828055554826697,0.9183028896178118,0.4070351151767537,0.3506703230265382,0.9581946645822665,0.9845752309436644,0.4840067443503322,0.050528053437559645,0.39061808697236067,0.6918871998369953,node_7,0.6474398460748958,0,1,0,0,0
2023-01-01 02:55:00,0.21791306,0.762757815,0.6217797826081084,0.7099417568779992,0.04613923136645365,0.31756334776479794,0.5984377539702902,0.16881975927055975,0.8631565205566276,0.00013359357576080838,0.1547490845673776,0.438722268036696,0.2733320042960006,node_7,0.7100026538702846,0,0,0,1,0
2023-01-01 02:56:00,0.721764368,0.531118988,0.007877786270792553,0.5980971433087064,0.7369357860703274,0.17272447790158313,0.998595655221451,0.09773341997297245,0.7230136015503565,0.0008404834403682657,0.4763983805945292,0.5746277367022649,0.02794320486706363,node_7,0.7441090540496399,0,0,0,0,1
2023-01-01 02:56:00,0.344323629,0.128611028,0.7099580517248777,0.9412323410576101,0.7989407104368993,0.5301142393327617,0.5552877999687709,0.25381501794976075,0.9187038297506112,0.32482953699645944,0.2707771275771013,0.44195994999869653,0.42737616866589184,node_7,0.23958088602975874,1,0,0,0,0
2023-01-01 02:57:00,0.176700393,0.37312916,0.04980387395748582,0.12806105819037328,0.650839954347014,0.14152227024339886,0.98105155137198,0.13851397213843564,0.9435259942019358,0.9063281331638451,0.17063852772027321,0.9531410347345,0.01701214560320529,node_7,0.16355814391190251,0,1,0,0,0
2023-01-01 02:57:00,0.120186562,0.847096534,0.6880232211636916,0.033796474373760245,0.6744164135449294,0.8962492214286325,0.2526135167352735,0.8875033701487376,0.6356987138105972,0.29211884100423147,0.37908463462772213,0.766330009392224,0.138993977052521,node_7,0.9554601789506708,1,0,0,0,0
2023-01-01 02:58:00,0.059939201,0.940966362,0.8825421544678695,0.5967522475357108,0.12223162155834738,0.22584447832801738,0.6989819847945234,0.7737436731650609,0.8164381753964408,0.29972437928646756,0.7869079917085948,0.49655543323678253,0.7653608085844978,node_7,0.5509829109974502,0,0,0,0,1
2023-01-01 02:58:00,0.274275686,0.993515274,0.7797867679618586,0.8313359145424255,0.13688965380901474,0.6837447760569005,0.7214065457240062,0.0349414715436457,0.2551907129341281,0.9704886856277869,0.6053103911780685,0.4529320946204571,0.309459160343788,node_7,0.6068103372017248,0,0,0,0,1
2023-01-01 02:59:00,0.576072756,0.282739704,0.8193374134133936,0.2927462726675677,0.5686527630500395,0.26098481511427885,0.5336242756946827,0.9526932470614489,0.24335096964277808,0.9322062347911888,0.3464228895275032,0.975698960247655,0.7814031392532098,node_7,0.5793770786356072,0,0,1,0,0
2023-01-01 03:01:00,0.169074789,0.481610371,0.039116029781264744,0.8195492948643015,0.047656960548289495,0.6551511550669243,0.6528866096744843,0.6039635874267602,0.7002315755854306,0.6119035982135588,0.31338656279075877,0.36877312254075567,0.6339480294764456,node_7,0.43565441814916384,0,0,0,0,1
2023-01-01 03:01:00,0.815804636,0.065110263,0.8642063875458604,0.6381763961558728,0.1966410817785147,0.3002835457933508,0.5641967995257267,0.3427936683380254,0.946412829202506,0.19920488508421902,0.9663231183024765,0.31371101333619694,0.4711059403996257,node_7,0.6426500115662787,0,0,0,1,0
2023-01-01 03:02:00,0.202308052,0.607631305,0.9700638159866244,0.39941059133941376,0.9253815850764728,0.09902924475700883,0.23088608971007393,0.36873953408013155,0.5929035469619082,0.5568469851190819,0.7914763230897166,0.680916556231462,0.6976108398106878,node_7,0.3842258258361148,1,0,0,0,0
2023-01-01 03:04:00,0.897771321,0.721726274,0.510547836676576,0.9975556386024634,0.20605150160105978,0.33805797258979237,0.5388132279696336,0.15009912711912,0.6098942636593376,0.4001941523742478,0.015479403019992719,0.11292067124833473,0.6116100401658978,node_7,0.3488542573392413,0,0,0,1,0
2023-01-01 03:04:00,0.681092164,0.696296985,0.7071803615632263,0.4792201313289583,0.6233774362867047,0.6867955570881568,0.594312253160391,0.5942780288268907,0.5188091208495833,0.43835506760850595,0.26176224137908144,0.6530939433477859,0.5226030810862614,node_7,0.5359417835984429,1,0,0,0,0
2023-01-01 03:05:00,0.068993293,0.902472388,0.4734150803507886,0.12332049414225782,0.7758733844926737,0.9743572610240434,0.025851410809073785,0.9185287472843204,0.3667979932133769,0.4504173540674139,0.9107918499221057,0.010652637327256806,0.4850328226534879,node_7,0.08762728639294086,0,1,0,0,0
2023-01-01 03:06:00,0.823725915,0.931172883,0.2621175032356131,0.7230438580716313,0.7535987859829945,0.39892948518408855,0.0956491818196411,0.4263736037389006,0.8845540755356447,0.27476018110242406,0.4497443712436925,0.7651464982372945,0.7986255116756575,node_7,0.9101125639784048,0,0,1,0,0
2023-01-01 03:07:00,0.852834542,0.010785509,0.49696356909204265,0.08223826836523195,0.9718103685587978,0.3247285752433958,0.8754020279256547,0.4452585967143144,0.6080674400846507,0.13207074693577375,0.8099226541227774,0.4296470397322108,0.8910383518614594,node_7,0.31224058566992735,1,0,0,0,0
2023-01-01 03:07:00,0.532503144,0.39495602,0.7709350953816386,0.4105687794663515,0.465100795756189,0.8667782483451479,0.2565071768287927,0.4854295402228955,0.7909344325056197,0.8713846499703413,0.9746376753183691,0.11620604303975081,0.6665662471994577,node_7,0.940933659403543,1,0,0,0,0
2023-01-01 03:08:00,0.325274667,0.744366734,0.019543816662843706,0.09827125536535469,0.49411699640799156,0.33168258861437155,0.18074804125289115,0.8531563923727712,0.8088610608855062,0.5913225202023213,0.5230167646944508,0.9462148474620615,0.6448387078664869,node_7,0.8977790491169418,1,0,0,0,0
2023-01-01 03:08:00,0.765013579,0.591244462,0.8864593676193905,0.34953396017761423,0.6369950114352155,0.9668991138588015,0.7099329966102292,0.11608251573549307,0.5214048803603841,0.7612523651750308,0.8048883501576021,0.7672474876139697,0.8623802361686216,node_7,0.763629823259461,0,0,0,1,0
2023-01-01 03:08:00,0.954717706,0.899299886,0.3352759680514655,0.19549951238547394,0.15848831688940723,0.9518657011265446,0.4078796329448226,0.9963893048183614,0.9838456996176186,0.4475191689712257,0.42867007697687015,0.4631961461571104,0.6455921379890083,node_7,0.7372986581938186,0,0,0,0,1
2023-01-01 03:09:00,0.206719028,0.584518919,0.5809056356012934,0.02630250325277356,0.37010255481862286,0.09032164942128283,0.10023422140353865,0.2727033412586317,0.2902265887134144,0.5538310259056591,0.6760470765175695,0.1030840986929499,0.6340723936464395,node_7,0.9824927634177307,0,0,0,0,1
2023-01-01 03:11:00,0.624575013,0.63885118,0.060159136803123764,0.6598714255705805,0.3111713737869547,0.11187828310093559,0.38098626815998904,0.766654876428492,0.8480200273159493,0.8029893067485745,0.9814609921597025,0.42806665538144845,0.005349353135028869,node_7,0.6300033117096031,0,0,1,0,0
2023-01-01 03:11:00,0.033847761,0.314717787,0.5519615999726639,0.04454718062366889,0.9082002131848972,0.6064813635322448,0.31798625044334367,0.10746325682506457,0.5529971294863928,0.5980747289889621,0.7679205569273224,0.38490822555481535,0.5100450590254276,node_7,0.6099388236099423,0,0,0,1,0
2023-01-01 03:12:00,0.996896853,0.981991713,0.13607987292357754,0.6110155048939122,0.7455982434903311,0.6565261070530398,0.9270210505375295,0.44039539850089093,0.39618616090288183,0.188906837277013,0.6002417853116749,0.45570856640413615,0.6443590370162124,node_7,0.007179918073242202,1,0,0,0,0
2023-01-01 03:13:00,0.696511859,0.176258349,0.34414483867302503,0.49776732908806715,0.37036982556785414,0.9770647698550806,0.034589036250006144,0.1663129371826379,0.7359099281438027,0.06265174964887305,0.3992335797639673,0.6522238432358263,0.996234891095445,node_7,0.5976620727976306,0,0,1,0,0
2023-01-01 03:14:00,0.808010161,0.979597972,0.5921069743392513,0.1003363118925188,0.2916011914068596,0.8082938988525334,0.5623989972739921,0.31077199342408146,0.9878905923847725,0.15706562005548244,0.015862566347833708,0.8340827187617375,0.8555099619647456,node_7,0.8665524546112708,0,0,0,0,1
2023-01-01 03:15:00,0.976056643,0.549508002,0.7240954170043762,0.1655165960699717,0.32238980345768375,0.023255041955223422,0.11565541690741432,0.16742999645584228,0.31740910569760244,0.7180305187837864,0.9800047171911953,0.06115848211335322,0.4596846732794462,node_7,0.5120397905821383,0,0,1,0,0
2023-01-01 03:18:00,0.522202324,0.863735045,0.41627630484377526,0.23027353539153364,0.6196773142086264,0.2074663715191545,0.06346938814701324,0.8417476995417641,0.26308037635949555,0.39965820124810025,0.5078525534462415,0.6849724299633563,0.3364995972390019,node_7,0.11689773449660477,0,0,1,0,0
2023-01-01 03:19:00,0.501817974,0.170996294,0.8259925428241311,0.08417313765275844,0.12489446229917683,0.1570218453808296,0.07668076201924837,0.2404379509270571,0.11534935286173875,0.02233971847535885,0.59040707107001,0.1445956842879613,0.24448717795790043,node_7,0.8712722567796524,0,1,0,0,0
2023-01-01 03:19:00,0.054883164,0.908669792,0.565834031941257,0.8212080528847955,0.7185913855542939,0.6772179303354853,0.828712362200759,0.7579879840505498,0.3246152943542893,0.6231233019587197,0.3206810790708286,0.09951195809738124,0.994967519058485,node_7,0.43498077758030745,0,0,1,0,0
2023-01-01 03:20:00,0.736407776,0.341252396,0.7907540165639451,0.29828520705448547,0.10099735587089104,0.2246373158402203,0.7757592385718157,0.3000680727113044,0.8524080687962536,0.8696714144604958,0.7342186038557356,0.3214474844344801,0.4861805163741195,node_7,0.7194413645433079,0,0,0,0,1
2023-01-01 03:23:00,0.96731656,0.930516559,0.11458534476625011,0.6585416384298434,0.37677135380054083,0.328390967059727,0.6904895467346861,0.8836309842392196,0.33586247140397274,0.6525195643793629,0.8664378197100351,0.7253804651027175,0.9308162617771649,node_7,0.17136042572334692,0,1,0,0,0
2023-01-01 03:24:00,0.762850056,0.029753713,0.7321277247506042,0.9184500671253433,0.20057600728581887,0.0598820115532364,0.7298580562442659,0.36942674777457285,0.3560550710387753,0.4894827509656291,0.8930619069056555,0.2780192954939316,0.10900830932814948,node_7,0.4807357329775013,1,0,0,0,0
2023-01-01 03:25:00,0.599534089,0.182248324,0.7466941112045599,0.33470759964010044,0.6826459755737232,0.7894395263072321,0.026233023292091578,0.9998910119334592,0.0939081118469561,0.7689313652065846,0.9547117165146951,0.873537672103196,0.9882294564646955,node_7,0.6057528292421387,0,0,0,1,0
2023-01-01 03:25:00,0.550511434,0.251410648,0.9538323959659921,0.48050066928857627,0.1067280816606106,0.18577016355942386,0.9491026221517594,0.706731860320883,0.1051009634662842,0.3634705350209386,0.5228552543207237,0.44871788340584695,0.9508541347584138,node_7,0.11616651347404472,1,0,0,0,0
2023-01-01 03:26:00,0.47994238,0.168997511,0.9230480766980887,0.6839442848004182,0.6288280923694648,0.2817576847040487,0.5011187756004081,0.5834295771293613,0.39629936181459047,0.47648115494799537,0.7350158636900995,0.9686772535631499,0.9739412020411576,node_7,0.04374191588800308,1,0,0,0,0
2023-01-01 03:26:00,0.992711626,0.690026027,0.3332319821734888,0.9276792144157758,0.9219374674090408,0.6079813190737062,0.9356675005221514,0.8780317661326751,0.6259028027553931,0.09298151625931442,0.4839349053168063,0.4879964871752792,0.4678318285288704,node_7,0.8070089702377197,0,0,0,0,1
2023-01-01 03:26:00,0.135833712,0.205964034,0.7367204282296073,0.6931163310909981,0.16140859263545282,0.05601533693444005,0.5838007169474555,0.850157197809239,0.7322330276448811,0.9334806697550762,0.6310209485117865,0.195015653559906,0.3950448256117601,node_7,0.7203966698220754,0,0,1,0,0
2023-01-01 03:27:00,0.631155662,0.045460419,0.6955810994693963,0.03052083613436358,0.6829826544154315,0.18625747677301607,0.9079250423058086,0.016087593634677544,0.08848261896505158,0.7538648932455365,0.31686051061769954,0.6467861027687478,0.9128952843504372,node_7,0.1517262898357806,0,0,1,0,0
2023-01-01 03:28:00,0.802384064,0.772660067,0.44862840234501,0.914405103716401,0.2637535344578641,0.6304132500417233,0.1426868347808765,0.8263278062258127,0.9666944917716584,0.2895075182114766,0.046702969847869244,0.17891905135562466,0.23323791248566997,node_7,0.0584468506777181,0,0,0,1,0
2023-01-01 03:29:00,0.098386888,0.508477472,0.9533808166334677,0.10122285660318492,0.3551646381556257,0.7083978282834322,0.5577108143017823,0.011149119629516854,0.15417433865933006,0.15554079128261505,0.8100187191383852,0.6758142463369309,0.9333636617894867,node_7,0.789261268109778,0,0,1,0,0
2023-01-01 03:30:00,0.669265097,0.165553608,0.7632290087282178,0.09240783408793231,0.31439241547480834,0.8738953343860132,0.3265568695286818,0.30553413964033904,0.13224238917495557,0.06359850019011466,0.0037697222793521487,0.23924574477975258,0.4333914250660285,node_7,0.4937487092626859,0,0,0,1,0
2023-01-01 03:31:00,0.783264444,0.977541759,0.11671568891387343,0.8012938695593205,0.10622482069630707,0.8652913796119541,0.4924617813008181,0.5618308585112362,0.7616395035312077,0.9593835531921934,0.15642742329910464,0.7488256015222792,0.4175811314676795,node_7,0.8644186425400788,0,0,1,0,0
2023-01-01 03:31:00,0.518354077,0.197659287,0.9040478064276741,0.6956718299614135,0.39074162127273104,0.5634620323772485,0.2549621696104458,0.11230147327588512,0.6366296546743655,0.8088873612533111,0.39794746030269124,0.37321521894274956,0.7013004089883257,node_7,0.3966460481832505,1,0,0,0,0
2023-01-01 03:32:00,0.557576079,0.477178866,0.02980447623871252,0.17913966207404372,0.8561465991685457,0.8446139784855479,0.9210738963800519,0.1598909656723685,0.6037725340390683,0.37143317372452456,0.1853562898088798,0.9171506798522107,0.1524068674374122,node_7,0.2633405596524389,0,0,0,1,0
2023-01-01 03:32:00,0.93160676,0.188995094,0.7579480098317088,0.4238777926212567,0.39758811192806576,0.8951503147344719,0.917336164095735,0.7225336290212484,0.04809687623884981,0.7028650082600526,0.9343863220132849,0.7373933074073179,0.24323176683076983,node_7,0.3453280789016931,0,0,0,0,1
2023-01-01 03:33:00,0.274536659,0.103251939,0.8700340766414759,0.6567307715778138,0.4689386001211132,0.9604381281896728,0.6982486695075152,0.8663605886657273,0.2656764462399344,0.5414375697022379,0.2034052456818899,0.8985350445003096,0.532682672842044,node_7,0.8351761895519499,0,0,1,0,0
2023-01-01 03:33:00,0.344092635,0.306664765,0.3428749575883248,0.7307505045343429,0.7251634188544475,0.09808696572422972,0.20736643927014406,0.3303873101101119,0.747119000222419,0.35367782663023395,0.9345109684588079,0.4986595555244983,0.12103054369648203,node_7,0.5436567746233926,0,0,0,1,0
2023-01-01 03:34:00,0.621449821,0.070425691,0.7119708238644439,0.3560235611865107,0.15714889740484395,0.27538500513295044,0.3499548603579763,0.4766675009317289,0.5377646196670826,0.7692360357913275,0.5712893918601457,0.7626213642718823,0.07618054671696171,node_7,0.9700889867643187,0,1,0,0,0
2023-01-01 03:36:00,0.431589666,0.327117844,0.6976496217437737,0.18009056984813346,0.20930291285365837,0.4960257473840893,0.8104235384665032,0.2339552196904296,0.043134259027776706,0.7477830741803396,0.743870650446284,0.006134741795657251,0.8141410285031413,node_7,0.688872099006276,0,1,0,0,0
2023-01-01 03:36:00,0.602711008,0.735277645,0.15809096732798478,0.6444463795422728,0.8300345712592556,0.9059552166129825,0.674554878005223,0.024031050847809404,0.5337415227072245,0.7491504690601551,0.2128285102141858,0.4261766496873204,0.7869805841545099,node_7,0.9894933750655012,0,0,0,1,0
2023-01-01 03:36:00,0.361816682,0.944031379,0.28673719028133043,0.224604122312427,0.5797570422267373,0.35119641410453806,0.484727839351829,0.9503144722822991,0.05138083924140438,0.6741764840034228,0.029479701242603712,0.308094378616635,0.4123803452939474,node_7,0.23023187488602936,0,0,0,1,0
2023-01-01 03:37:00,0.058850555,0.141604099,0.9967981914023952,0.5784026474063388,0.3219107528246261,0.22325494462187437,0.30969889642435866,0.705015385573029,0.8583103715921141,0.9360783015254194,0.015110042224018336,0.18826120234298227,0.7127332303646797,node_7,0.477761753512734,0,0,0,0,1
2023-01-01 03:37:00,0.426575551,0.303372288,0.9818087430931904,0.9403766580671025,0.894431868972489,0.874648210561591,0.16251824580054297,0.2261305514032393,0.1271567665687383,0.8974411925850958,0.879695824514355,0.9539784972210276,0.07740706795024442,node_7,0.02812109363250028,0,0,0,1,0
2023-01-01 03:38:00,0.573177786,0.847964134,0.5013971942642664,0.9476001548004009,0.6452003543806554,0.9538344574603091,0.9141633306871039,0.4549505741298255,0.5883473986171843,0.029870786917130042,0.27941131169409544,0.4512470010079475,0.45897790926339016,node_7,0.6459404651457393,0,0,0,1,0
2023-01-01 03:39:00,0.294424619,0.282464424,0.6904275548710888,0.06100851312345747,0.2657010549082578,0.3223330750704459,0.6631224935538484,0.506911806565142,0.22667461693117658,0.23289853816317682,0.8777988513853395,0.7957385113916753,0.27551110382185356,node_7,0.49682948708385666,0,0,1,0,0
2023-01-01 03:40:00,0.152877766,0.864905249,0.4381218168290206,0.44783853751966396,0.36368097700683966,0.8016126112089809,0.7858994395409936,0.6889807665440725,0.22576793899288894,0.7136252158840358,0.20943798258321486,0.8706616994211211,0.3334387384259642,node_7,0.3545158831310094,0,1,0,0,0
2023-01-01 03:40:00,0.072317287,0.938880468,0.26392477162836897,0.42225414520811516,0.4785301244390796,0.8295933470820008,0.0683337607287733,0.07062698120302421,0.01569680038519522,0.1520299795670127,0.5062024418532687,0.2835985183240548,0.9855646330870439,node_7,0.8029059071717752,1,0,0,0,0
2023-01-01 03:40:00,0.983767186,0.398171959,0.7601305659090127,0.7108262356205803,0.37471107119050695,0.7497328144754418,0.752578465351319,0.9940779559395467,0.2704627919756055,0.09498843634435725,0.17620079511640593,0.6814193822252996,0.3546554361273386,node_7,0.40330291637510135,0,1,0,0,0
2023-01-01 03:42:00,0.34157642,0.921435074,0.8934128654593612,0.2592310642309631,0.7348736411367386,0.6784647343473371,0.08027832290103326,0.4038685379250049,0.39612905714940183,0.9117329079985554,0.4009001018751184,0.7776157794244428,0.6058011942253365,node_7,0.9727000903235934,0,0,0,0,1
2023-01-01 03:43:00,0.232559632,0.188811569,0.26293717732249594,0.18639243651363446,0.6334492722914632,0.868578282837779,0.37429913897445394,0.6304807526828923,0.9408480578832259,0.8160170955890804,0.8750854928987032,0.5865863352271491,0.16863726702780452,node_7,0.28881206630337974,1,0,0,0,0
2023-01-01 03:44:00,0.006460055,0.232835319,0.43657602705632265,0.9361403044827622,0.7956299217577871,0.8505947445885211,0.7623502683594745,0.2502090087281735,0.651308570257127,0.0913154483724166,0.35738185641130277,0.2973777267117665,0.7647530406754431,node_7,0.1772195120797797,0,0,0,1,0
2023-01-01 03:44:00,0.152534949,0.693072124,0.18348665329092603,0.08014155151091856,0.9894363930483978,0.22479595155456966,0.7561505625920405,0.18834553863570075,0.5819339605236221,0.34731456689673657,0.3418213969043683,0.7372756517243079,0.8446051842767585,node_7,0.013300404188675966,1,0,0,0,0
2023-01-01 03:46:00,0.529151502,0.743624313,0.7491866999059958,0.7937252253046576,0.6162458822216387,0.31812923464175047,0.479739024841615,0.009361220705832216,0.5823046309895833,0.2651556203219876,0.7813774535394588,0.08975470949910812,0.6541672998372753,node_7,0.37055382028501926,0,0,0,1,0
2023-01-01 03:47:00,0.574519428,0.795659657,0.780355952108051,0.5544152704247987,0.2249896097411756,0.3733031307752526,0.16146634274711102,0.5323243096878292,0.8016681407509739,0.14963926795484145,0.5520559450573973,0.7302569569006985,0.6134584073836741,node_7,0.5408599388448213,0,0,0,1,0
2023-01-01 03:47:00,0.152656118,0.433538059,0.9228239256620776,0.7148340347041922,0.6291709633275923,0.08591326533218556,0.9369260825699618,0.7981971951285218,0.8951819687026499,0.9263080829671828,0.8616384272142074,0.6011338093610117,0.2610306743968536,node_7,0.37671394587398077,0,1,0,0,0
2023-01-01 03:48:00,0.269377668,0.54849907,0.06349109297955527,0.19460015611265755,0.4057709475774489,0.8158363529742879,0.10149628058604897,0.39735261798418176,0.8628004153603341,0.9429076656625458,0.429551040657756,0.20441996429835885,0.44533726273847907,node_7,0.44403852354139545,0,0,1,0,0
2023-01-01 03:50:00,0.590900759,0.792073443,0.7792458581513578,0.6038151463631617,0.7027226508215508,0.13936212926630584,0.9073401507056758,0.5250901136467896,0.6355154645695607,0.21212655274331757,0.544357933450183,0.03931963968539011,0.4800644224798914,node_7,0.6558093265245665,0,0,0,0,1
2023-01-01 03:51:00,0.779135123,0.622787218,0.843784192087009,0.4013776564587772,0.1487202680541429,0.04526125699175871,0.3628495620681788,0.300249967888589,0.3806250477927844,0.14026871495339185,0.3315542014641373,0.7366736174521461,0.5060210651070214,node_7,0.25492921294401394,0,1,0,0,0
2023-01-01 03:52:00,0.500537441,0.973221081,0.4975544890556593,0.8221316754700352,0.6158626696719262,0.6972826806059454,0.7877542562807933,0.5777476255808233,0.990840648731639,0.0507005284737828,0.6857774378148309,0.7730645368220787,0.41665404675197765,node_7,0.7515346720898276,1,0,0,0,0
2023-01-01 03:53:00,0.405596993,0.479243636,0.03704970274233319,0.748812019641866,0.9001561650885719,0.9892986949017543,0.8938772210993448,0.13224383362576764,0.4538492416646911,0.35089863471450167,0.18126429420553078,0.6014486812678285,0.8144171487614271,node_7,0.8780323268444675,0,0,1,0,0
2023-01-01 03:55:00,0.084362541,0.969381582,0.8049355845033179,0.4353288047615276,0.131739274800315,0.36177936497915897,0.4402063842332055,0.5530742755024155,0.21461881740489153,0.6468743944003549,0.056834903167168244,0.5379851660831493,0.6124963472042135,node_7,0.3132078409273421,0,0,0,1,0
2023-01-01 03:56:00,0.938027651,0.913474136,0.03438691166159464,0.5025489193953198,0.2853827307674215,0.6822643733076775,0.43947252849417484,0.2864067280586031,0.08821519244558404,0.0843284231679839,0.705170873711716,0.6063613206244858,0.05796111858756107,node_7,0.3234639522068556,0,0,0,0,1
2023-01-01 03:56:00,0.228489775,0.344114766,0.4117069806632773,0.5414870042528899,0.8627073742570719,0.7229424226100918,0.1356034671544672,0.6817190673372482,0.3660866032615505,0.0683111745893474,0.25680797735676486,0.6861620935255249,0.9678895749723573,node_7,0.57894118089895,0,0,1,0,0
2023-01-01 03:56:00,0.669251406,0.275330898,0.5629306335800354,0.04845389040736173,0.3762883342115294,0.2928634277322323,0.4381080289510238,0.8665625611501624,0.5906410792373985,0.9497119784301444,0.5032401972791408,0.5248033984796053,0.2276390340577082,node_7,0.2715236484958424,1,0,0,0,0
2023-01-01 03:57:00,0.955485474,0.796488536,0.8658619061852219,0.5407452732598991,0.7007540690483742,0.9508890643758008,0.7548703399611643,0.6849404235263193,0.3346628349372391,0.905356224047355,0.6231635443004621,0.5841728332825074,0.35596901056180164,node_7,0.7003504850286527,0,0,1,0,0
2023-01-01 03:57:00,0.264877816,0.89744001,0.002000714109310394,0.27806985674264434,0.11542079474292499,0.5102026831594616,0.2912452083206905,0.08712614604331982,0.3921045627104722,0.2839719409167303,0.6324260869102869,0.8161662710895701,0.72894197335872,node_7,0.3396905212021146,1,0,0,0,0
2023-01-01 03:58:00,0.726888426,0.342490555,0.41137185304720914,0.9578163267310845,0.41914262099862276,0.14259622854011447,0.038552092193388045,0.5200641045620348,0.2253310643494637,0.22405289537636666,0.4645788221663176,0.6086767740942594,0.5085239574616468,node_7,0.8555247422521305,0,0,1,0,0
2023-01-01 04:00:00,0.301149707,0.394522191,0.9116968551260312,0.8903472006174867,0.04221724410042521,0.11009984303225606,0.8588272148775767,0.5867359832128758,0.5560914066661787,0.0562889178797293,0.23599751957822485,0.9427989733261727,0.27562301002157713,node_7,0.8326247310641831,0,0,0,0,1
2023-01-01 04:01:00,0.776652051,0.641282511,0.1454782559063596,0.3302360484468791,0.10308627487822303,0.2516051349138892,0.44112577993182667,0.23592852922996638,0.9700696465343364,0.04575934380656711,0.854384885217626,0.9598432159845426,0.2791411752112137,node_7,0.2633889695200132,0,0,0,1,0
2023-01-01 04:01:00,0.041111083,0.403553857,0.808292475624313,0.13943089872008127,0.3684103648665584,0.2729523247769662,0.09933628587061683,0.7850375672797523,0.5862942945028137,0.01636880713615195,0.02658734457343276,0.41949933663864736,0.2797691846336484,node_7,0.3426731530486118,0,0,0,1,0
2023-01-01 04:01:00,0.899216698,0.923279461,0.07389884689261393,0.6264394674127352,0.9974868828212506,0.024311412591490375,0.1691059949200133,0.512699522515748,0.16891760368047098,0.8692467523067985,0.754573961003496,0.4298710152402832,0.3639291078696882,node_7,0.47959937656799967,1,0,0,0,0
2023-01-01 04:02:00,0.018090631,0.469152061,0.5474086539932903,0.015009306128989316,0.29640519473829297,0.9556986400593754,0.27191675271419435,0.6674064881583335,0.06191267837735537,0.435742600384017,0.9843737560299061,0.30885786553381184,0.24588807753413894,node_7,0.21574566498743833,0,0,0,0,1
2023-01-01 04:02:00,0.872554058,0.443808157,0.3327959976080998,0.9197360018822041,0.0910476981687236,0.7872560232458261,0.7315476969846568,0.20337461883425267,0.455490018309207,0.08939045815280498,0.3870720849468249,0.4127449562103513,0.4819166727633845,node_7,0.22688978580119137,0,1,0,0,0
2023-01-01 04:02:00,0.576636465,0.876437975,0.0777608277678918,0.7286929360227274,0.47463853561975267,0.34549142502365293,0.16033332018532773,0.2299049129262531,0.6552497220950412,0.8466335878291481,0.6380368861540902,0.4800777494512254,0.7678876142446599,node_7,0.9636695977934946,1,0,0,0,0
2023-01-01 04:03:00,0.021585412,0.301393188,0.5602017568668305,0.7105928660777017,0.38002680565134883,0.23895417665702118,0.9767168009202585,0.11234957511628875,0.6459224954879478,0.15756233282826634,0.26143005614373743,0.737855509570034,0.5554768571425854,node_7,0.14933931287775104,0,0,1,0,0
2023-01-01 04:03:00,0.503972567,0.543012453,0.026447675513177674,0.45321788055954537,0.7664290722568783,0.14484638285986481,0.7013344435360386,0.6731179916746547,0.7839840262763479,0.46747500358483374,0.014215298077130817,0.7964923216501659,0.865683361179663,node_7,0.9159326146329044,1,0,0,0,0
2023-01-01 04:06:00,0.524564139,0.506006663,0.09907091964152631,0.04523818899264213,0.040943993303103,0.3981586532321917,0.19316947580763721,0.6618712809422542,0.8966884333319558,0.7379228875732177,0.9133966646726543,0.48432837971975334,0.21352878068842746,node_7,0.7805254059545066,1,0,0,0,0
2023-01-01 04:07:00,0.927723849,0.977229991,0.834659425100111,0.9539563069411081,0.5144613313737366,0.482038136015487,0.5016004028605863,0.5434955580700768,0.17054313305609947,0.11488998380827131,0.0025136694479055907,0.4418409479370403,0.28934719943255566,node_7,0.6468626024593158,0,0,1,0,0
