timestamp,cpu_allocation_efficiency,memory_allocation_efficiency,disk_io,network_latency,node_temperature,node_cpu_usage,node_memory_usage,cpu_request,cpu_limit,memory_request,memory_limit,cpu_usage,memory_usage,node_name,network_bandwidth_usage
2023-01-01 00:00:00,0.962869773,0.464577119,431.3607867,79.40625678,42.31968204,26.92913771,43.79375192,1.920855749769507,2.7176294438684154,885.2217982174195,5776.692541722042,3.5399178176686856,3057.420088913332,node_41,913.189589399726
2023-01-01 00:01:00,0.171308292,0.553515414,399.1404271,79.32195867,25.31255454,22.56346809,5.985750066,1.9358456226307543,1.4737295981882697,2335.315380299411,5285.829226056193,3.5734587002368388,482.16751267816016,node_41,364.20739392144986
2023-01-01 00:02:00,0.843112525,0.63305926,225.1586655,40.9170058,54.46141943,97.38685837,23.27743824,1.2826487186616375,1.547931358243939,3178.6707102220985,7059.632218808227,0.4454599505126571,2540.287211851606,node_41,362.5805547864004
2023-01-01 00:04:00,0.426106311,0.208757466,1.408447396,122.9481102,51.08848105,96.80363625,57.18401747,0.630441365575269,3.984209237080449,1628.9217502432812,7970.084443609048,2.1176354767848173,4559.016370360885,node_41,870.24873812434
2023-01-01 00:04:00,0.460585824,0.225926101,361.5401347,47.16083844,76.80258731,8.593209953,74.51455122,1.2868998833977805,3.070254361815598,1853.6659651455448,991.6903207419994,3.830129268699647,6840.226822285527,node_41,771.766550135792
2023-01-01 00:04:00,0.366188046,0.420904608,902.1815058,198.3656941,58.84130696,47.47639985,34.57923225,1.2042918283414363,1.5971016494275518,358.7057940750656,8103.120161167997,3.9555239813027288,3358.566892768822,node_41,43.338555402098855
2023-01-01 00:05:00,0.966621522,0.459482059,967.708368,197.2701289,43.11639665,35.4508517,51.30439234,0.249122645418534,1.494107135122594,1346.6764591191447,7734.188309777433,0.5538647369633023,7337.3650982825475,node_41,310.304305148173
2023-01-01 00:06:00,0.454840089,0.220792641,638.2302898,135.7309059,52.12542931,28.63223613,19.75419995,0.5385400905973916,1.5486841825426456,3131.4730111973904,787.0952821355819,0.687284473096081,1502.4013688801788,node_41,281.83046114736464
2023-01-01 00:06:00,0.158430234,0.455536031,824.3596504,160.1760589,65.18412281,2.846226688,8.37215353,1.2959384572290389,0.6482216161903689,1280.7000191465595,3824.673880853975,0.1177762246985709,6284.398548164887,node_41,985.110068237395
2023-01-01 00:06:00,0.304335596,0.018217831,25.11187494,26.80421571,33.43080548,23.48315128,32.79251119,1.0179622842562095,3.3225920892338765,1804.999409789085,1438.8479856972167,2.498007961855538,6433.688031300223,node_41,951.9294579635092
2023-01-01 00:07:00,0.607755852,0.834491655,169.8928926,104.0698475,56.77468954,69.84380156,66.65451483,0.635791992987376,2.3479400923221405,241.70986742312664,3881.799147049983,2.344214940853691,1458.3100948941455,node_41,882.254019371179
2023-01-01 00:11:00,0.2066363,0.653410227,648.2936956,42.30921364,90.26718039,99.99651862,58.57624397,1.0667159861221065,2.1606319497773514,3810.547957483496,6908.342916408948,3.160836806356534,3240.544617603376,node_41,362.392412774178
2023-01-01 00:11:00,0.449695519,0.440623992,681.0209515,165.9020043,29.13750842,64.41602046,70.61890222,1.5192801140628267,0.9949112900169376,1239.1451371161888,7623.744135328598,1.5432531957974835,6959.879239496991,node_41,584.0851836257433
2023-01-01 00:11:00,0.469647416,0.49142783,593.2374261,120.2638265,94.72269935,95.53535104,92.96026316,1.1058362179003185,2.953949522925537,3100.600584321103,3206.622863120708,2.620412402620312,6095.023853922437,node_41,965.429866646575
2023-01-01 00:12:00,0.404954112,0.6487365,816.6317673,179.2336505,54.42266136,97.12243568,79.89077847,0.7615427823020556,2.6379302389428885,683.1674472262978,5017.075969308043,3.956848739839629,4287.140092249475,node_41,700.7962663749958
2023-01-01 00:13:00,0.489706699,0.386616183,9.467194022,127.8484385,79.88289076,5.944358459,1.961253249,0.900589660512608,1.073638679854472,1944.4242383983392,4080.583252597361,0.153613005402081,6748.083784195706,node_41,611.7414379064904
2023-01-01 00:19:00,0.838269829,0.40408947,689.5626808,61.69198702,50.55515143,22.1106628,34.9061499,0.7423203620806403,0.6240430501254584,268.70222854071653,870.5408876605254,0.6242354784648132,6635.914519550874,node_41,615.8615637167378
2023-01-01 00:20:00,0.058250868,0.414430999,873.0891908,174.7497823,52.02682742,32.44375891,83.62008016,0.901659352050061,1.3548433221766925,2772.9838254207625,4772.099299509553,0.8513059245877566,3072.8257215032845,node_41,744.866101530167
2023-01-01 00:24:00,0.398984202,0.755720459,896.845633,149.164678,52.4032469,34.76547426,99.17422616,0.9476570608276964,3.333991217235449,2106.7547830638105,5237.506223156334,1.9662433000330195,3678.812677600408,node_41,554.3866118775953
2023-01-01 00:24:00,0.433965445,0.073086707,490.3898177,195.5612652,44.00989049,29.15337419,53.22549712,1.857515323783094,1.9050527957875,3853.2303884647113,3980.3171862624695,1.7087033985699684,2906.012066572587,node_41,392.8111706459443
2023-01-01 00:25:00,0.433683896,0.22643339,88.94039302,21.59757284,22.87823446,53.41360508,94.35246373,1.3910186862073588,3.9729392951778055,3760.333584128388,5531.63006054142,1.0589161673434573,1326.3383780601423,node_41,292.6678829103052
2023-01-01 00:26:00,0.796683056,0.208958041,630.8419969,190.9803738,44.60437285,54.64899034,16.04069955,1.804514825973791,2.868856412947934,1809.5881099576004,3763.3273787307,0.3391553240076219,6677.546092442535,node_41,532.3092394274983
2023-01-01 00:28:00,0.146602748,0.345330475,139.5230111,61.73828107,38.81329138,1.651025431,37.5555422,1.96250056421981,0.7732253577319357,3647.860737566324,4372.443433252754,1.1408431756182886,1660.5267644194118,node_41,822.8551415648532
2023-01-01 00:29:00,0.654003557,0.219572324,431.1151516,80.76621661,57.89915247,12.98964584,15.61162453,1.780458543329731,2.3203474240266377,1667.4832311386922,2980.948781875745,0.1871739894433615,7191.044979352084,node_41,829.6450076674599
2023-01-01 00:29:00,0.153259399,0.78491359,797.2981952,138.4163148,67.07506582,65.37052535,48.20288094,0.9588810881393608,3.1611439259766163,2259.193896207963,3385.623467388265,0.2504974207190829,6425.176856413573,node_41,146.56339459874823
2023-01-01 00:30:00,0.825237506,0.538144628,989.5390468,96.58868151,57.60824183,65.58800445,79.63811699,0.2076212969137919,2.901904319088114,859.0025386676525,7372.02841790226,3.4422912274388726,7617.527743167175,node_41,163.14758268347728
2023-01-01 00:32:00,0.301033237,0.175844099,351.9212693,3.67745095,22.94172796,25.80684012,20.77726666,1.085560634624847,3.677558808367215,1375.2575149921856,3344.897086627329,3.983273509298528,450.6098407149048,node_41,700.2594140948509
2023-01-01 00:33:00,0.54963159,0.184770976,487.1915608,18.22330425,45.96411036,26.59767861,94.65554485,1.7599350783780123,2.697915150623886,3022.922003545264,4218.377376234184,1.2391246483269671,4251.518857411263,node_41,353.87265996685926
2023-01-01 00:34:00,0.485036725,0.936779952,581.4726106,115.3911505,51.23918347,62.80844677,79.42819687,1.8186914135221552,3.072714353930566,2819.1923460791577,3429.067910403344,2.963900715546641,4823.064311767756,node_41,309.54990593730645
2023-01-01 00:36:00,0.968228171,0.30072284,707.115235,39.24547451,44.62627426,33.90185091,49.07337949,1.7615230264855437,0.99186302296046,3521.2922453257115,5873.819693797367,0.2720689897330381,628.2906373978267,node_41,128.9030950604444
2023-01-01 00:38:00,0.512388131,0.69776181,185.322387,40.132542,89.27590412,46.44935372,24.51138855,1.7215825764866652,1.5948237398172982,1470.982658611458,5350.50609483266,1.166077263059791,1964.300506281664,node_41,7.540599416940075
2023-01-01 00:39:00,0.310457671,0.739471161,510.3360264,74.81555945,68.17641554,13.03480314,12.46067204,1.5015033240717284,3.1259067852728326,2968.7717456080304,4078.245016544167,2.310072007233397,2578.8855153511613,node_41,452.2715281008681
2023-01-01 00:40:00,0.089613676,0.497686673,764.9606756,53.40067216,65.35938932,84.77651671,1.199042144,1.4018610540202523,1.2100757053281257,1559.0926800631637,5183.1286481885445,0.5017184628507847,7031.053914605902,node_41,560.4874333340989
2023-01-01 00:40:00,0.26053043,0.134039602,727.0011439,45.50587894,41.52735246,40.6468095,50.65182647,0.285737946760902,0.8584085662653098,1254.9284940339855,7735.0026951017135,1.8800991371866125,3933.690081438144,node_41,552.7148077173873
2023-01-01 00:40:00,0.606850734,0.296061717,227.9591351,127.4494234,36.48782398,68.67749055,21.85691654,0.1489114410368881,3.542472808070302,3773.7509082960496,7032.086207899424,0.4684555062371216,1909.8607521082977,node_41,165.27686542181686
2023-01-01 00:41:00,0.417532779,0.502421798,25.25248196,70.86348927,88.96008982,29.53186995,21.97765027,0.85521187186887,2.5414331985148197,1469.5365649882,1997.302480010886,1.9204234746894544,2000.660122170368,node_41,306.59311321178274
2023-01-01 00:41:00,0.388833084,0.746732518,679.3524368,139.3152047,71.38243015,74.94874188,21.46686407,1.4705697166788512,2.6162434635629443,1763.0956346635128,3239.464962199938,0.1078743888169952,1477.4308304795677,node_41,165.2138699223623
2023-01-01 00:42:00,0.014871144,0.634682257,774.5821484,86.68781052,80.40498572,67.71712147,43.07620089,0.3032267199944707,1.8206671919690047,1609.991760056174,3566.6061210268285,0.7549038394865581,6177.633574224582,node_41,800.4786931359873
2023-01-01 00:44:00,0.594968177,0.995490317,558.682415,118.8168346,21.55687662,17.49035191,19.29289439,1.0610279330140575,2.422659358815499,756.8128792866687,6787.978647288532,0.5512196308505826,123.92880407384472,node_41,373.24133394796246
2023-01-01 00:44:00,0.635489027,0.387125424,415.7677545,136.3198934,98.5413683,98.76089774,92.71512133,0.1157873937500926,3.2795488899200667,2225.161863165268,7956.718778379914,2.0040342090227443,3081.942233803771,node_41,305.369347227484
2023-01-01 00:44:00,0.777240184,0.51063194,472.6125479,105.7796526,97.92673152,64.71040041,41.11528327,1.2847732882129363,1.8185705516960613,2281.288881460785,6562.011147053634,1.860771587151094,1578.7129015468972,node_41,787.2649969098601
2023-01-01 00:44:00,0.00267761,0.54983913,933.1100717,82.14975042,45.03785657,60.84267758,47.35612282,0.9189412677393112,3.577919548726148,3483.700625066099,5591.016900228516,2.6216077458041283,4746.534105451258,node_41,383.392196613057
2023-01-01 00:45:00,0.800921246,0.526010144,238.6011486,37.21672048,74.26837585,9.790366538,90.31958936,1.5230674558766295,2.134084140316149,1405.0545704338244,4121.78413157988,2.6158273612308256,67.1020908829114,node_41,58.19015868460864
2023-01-01 00:45:00,0.297689722,0.578562347,889.9630115,53.96528623,49.49791847,9.827607756,61.00267637,1.7198360794812655,2.0930415420799724,836.1170850837342,6218.024710411705,2.43822001989961,3191.636699468575,node_41,191.37651070559048
2023-01-01 00:46:00,0.057833411,0.746135977,540.2999363,54.85919181,27.88532547,62.28919111,57.13753359,1.2236060693256108,0.9674131044678,925.9881581635264,8113.730130175416,3.207808306339716,5663.582994233288,node_41,7.41671129374899
2023-01-01 00:46:00,0.745228473,0.748713019,96.74892044,52.25335234,65.46371685,4.999133382,96.58540018,1.5729706951223772,2.543446301087794,590.2969171784878,3910.026965506189,3.5771098433492408,4851.94952630529,node_41,54.896617159120645
2023-01-01 00:46:00,0.930476753,0.269682421,43.5177593,169.3697307,96.85057318,96.38696209,77.19141029,1.4172679939050417,3.371267022566288,3175.697214227097,4051.4516557698335,1.7884810422314463,4902.225244809569,node_41,828.3231740952459
2023-01-01 00:48:00,0.637473212,0.779534903,206.9899717,142.1698102,69.17134083,48.68510269,49.2103324,0.7569246133513083,2.135404769487473,2293.462336455816,6498.912506577521,2.3689016037076343,5905.778037687109,node_41,139.3547142666447
2023-01-01 00:49:00,0.019630813,0.420772388,878.9105254,94.98841039,87.36058915,2.247418686,57.04252123,0.9029491128197964,1.3941160578813925,2873.098064235376,7929.687870142881,3.8730562924249545,4080.204611036624,node_41,997.132015775168
2023-01-01 00:50:00,0.894211949,0.677308387,923.7633028,3.97629784,79.3682434,89.40812378,57.56933301,0.6452486524660784,3.324673139026758,1895.8247934579992,2932.2146731341345,0.5582363613428694,6017.227809666814,node_41,196.75833348552484
2023-01-01 00:51:00,0.735127344,0.439145373,600.3615316,105.3603979,37.64221847,43.96266796,8.867498262,0.66787862366459,3.80476206833627,2157.1406951317617,1971.9195579790687,3.392242279818293,7802.535489448191,node_41,888.7337391541064
2023-01-01 00:51:00,0.482028151,0.804144494,365.4106804,190.5793606,39.32665158,3.170275411,12.24905775,1.035243992921136,0.6607115235898602,2672.00143193309,2037.49430489147,1.5860328889228152,2203.7836877121026,node_41,739.9076935765474
2023-01-01 00:53:00,0.087304247,0.466163871,788.6964106,85.45193904,49.4633509,99.31553542,29.17906292,0.8106890368026828,3.79759215251516,2589.513264591216,551.6847984059317,2.171415039934582,7693.025745960799,node_41,682.875282464077
2023-01-01 00:53:00,0.894544398,0.771171976,944.3588838,1.48723599,54.73999994,9.224188404,65.73572277,1.909294550026861,3.512582040761015,1466.5797280863353,963.7594503264658,1.4271553971061537,2206.4012663660005,node_41,98.63032287436346
2023-01-01 00:53:00,0.933280899,0.003643348,883.1392737,94.22729361,92.74821549,48.68214111,54.38101336,1.7840621245587585,1.7210123196736322,3869.591721802329,4860.361812650285,3.9865863745899,3317.280775564549,node_41,707.3782823341868
2023-01-01 00:54:00,0.649199577,0.460656299,949.7806204,95.82219393,21.27337916,56.57394927,20.31678057,0.4778123272875083,1.2377745689004982,3881.524994351772,2138.134831507328,0.8788983016731722,3690.42848688236,node_41,826.2005303222955
2023-01-01 00:54:00,0.823376195,0.984753345,67.1255591,189.7003546,56.1653876,24.34503406,55.37479801,0.9239221242387078,2.501592906076325,302.5241181417076,2858.04289854191,3.3377532196108524,5744.605566980337,node_41,945.9740201078424
2023-01-01 00:54:00,0.293888239,0.996713406,54.41015605,20.03727368,96.60287773,40.23482095,15.4619445,0.1201324300185629,1.4602260090302994,1720.3260335875907,6123.185733457763,2.401029978951104,4275.966930784233,node_41,863.9954849567981
2023-01-01 00:55:00,0.994552189,0.097362229,441.146343,182.3550975,66.0140816,52.04902518,6.230130087,0.790049674502071,0.9072387646306967,1408.898339817552,4926.771859510575,3.011771360697944,7713.268178543222,node_41,110.72474585816838
2023-01-01 00:55:00,0.793311272,0.962307959,396.329563,56.86045616,26.6763493,11.83026859,68.728483,0.7343390551010476,2.563487014166049,2314.1031144886165,2999.8278007699573,0.3695090724350476,5278.295634224898,node_41,188.17441643684663
2023-01-01 00:55:00,0.688880111,0.552460293,457.7586594,91.71888665,93.18524872,91.92186275,95.2845215,0.276208650510445,3.719598751349999,1930.664501127232,3835.7410459196713,0.7483618008007924,7169.21721618609,node_41,395.180594159756
2023-01-01 00:57:00,0.739781827,0.393196327,541.2337802,52.4236293,92.68596118,11.02506238,87.54832513,0.4312404697733574,0.7845775100121855,3739.5472991711385,6043.884367080397,0.743069013091159,7886.246807567065,node_41,503.3773744619531
2023-01-01 00:58:00,0.279311746,0.3061813,132.5169813,149.2262173,69.08935676,14.80592331,16.33313556,1.0738559739273723,2.255332519885477,3813.903312457401,1076.226303157347,2.587605031985615,3915.21915338077,node_41,655.6602315047988
2023-01-01 00:58:00,0.331250109,0.894905655,594.3936393,12.96166741,25.99883607,56.31964634,10.18250827,0.3003942890252312,1.3926324835017114,2114.0404198491365,1681.760206064105,0.6491571126981648,6914.106899983522,node_41,414.0513371598677
2023-01-01 00:58:00,0.115624686,0.203671241,730.6516085,160.940793,45.84445837,56.35919269,87.69528993,0.5583095969994464,3.225842178306751,3353.7119211914,3428.62595317446,2.3617941096143897,5740.740261422862,node_41,882.1802099676967
2023-01-01 00:59:00,0.496618966,0.26031179,995.9920075,155.5582329,57.02540304,91.1888323,79.44028058,1.752823131079362,3.21541926870524,3807.447930800528,8107.476199762677,2.1277027704633134,5377.671723428809,node_41,63.530706669598366
2023-01-01 00:59:00,0.845627512,0.021143373,460.8277097,59.12201795,58.37466017,37.6200035,84.69869058,1.8028307126338337,0.8859685490396293,578.5127563085503,2445.625052640372,0.8997180124680084,6172.162350008677,node_41,818.7044735580998
2023-01-01 00:59:00,0.034236056,0.753810223,283.7858059,191.2866592,58.06718736,95.38299535,95.29610311,0.2738719377846428,1.1552845785512005,844.2546113277159,1374.0324970554627,1.0533826394400672,5940.215842410753,node_41,752.4760897195172
2023-01-01 01:00:00,0.877871566,0.051070107,858.1166776,8.231223319,28.89909185,82.10377138,9.848949699,1.0316467173910322,3.699843114916797,543.050157004016,5183.920395975098,0.0248470913364369,349.4399215657031,node_41,736.793285632656
2023-01-01 01:00:00,0.663714635,0.64688389,55.63070316,178.9231285,38.20223855,85.24541556,2.879770492,1.8114569743187936,2.741442147376223,2017.729815890665,6649.77690389417,0.1672654770800568,3558.934979563671,node_41,776.3863748844869
2023-01-01 01:01:00,0.43163155,0.990962404,450.8231251,185.1932386,88.60345588,34.71341973,77.95035837,1.5738626200677472,1.4886147445979652,628.8952889861268,3860.583134217845,2.85902498871109,321.9329792320077,node_41,496.4159070393735
2023-01-01 01:03:00,0.955850764,0.647261557,948.3292189,81.01517893,46.22719427,1.802450199,52.20593793,1.146641671221975,1.6040220721042682,3502.608634533854,2838.5107290920537,2.6076132502435687,5150.0148207810425,node_41,75.98292271897256
2023-01-01 01:06:00,0.35274202,0.401490643,959.2558765,72.05341537,68.9303953,52.03404829,38.55445225,0.5866146374732404,1.5845929096646427,3307.820816963102,1926.501531638809,3.439038794104687,3294.20828644028,node_41,356.35890013978565
2023-01-01 01:07:00,0.546632357,0.004241307,956.8942195,138.5714971,97.69591625,53.46862503,78.71849763,1.2748694019651758,3.975626882844936,837.8128726477087,2115.041585492254,0.1613653782731674,6557.076393891563,node_41,311.6759550303408
2023-01-01 01:07:00,0.173849369,0.978558213,612.5594487,74.59801755,46.53791361,5.640521248,94.02650356,1.4973848464383208,2.815334038299583,2390.4271770771634,1143.0934380771148,1.5596149490980888,6323.825309535654,node_41,584.4850663774334
2023-01-01 01:08:00,0.92713967,0.304613931,803.8056593,43.24039885,57.52044332,59.39887899,22.99801698,1.84135475582618,2.380751291843375,1559.4615576788683,1592.771185746242,1.792660443054202,2550.1722065926488,node_41,78.52811068643307
2023-01-01 01:09:00,0.190507984,0.445943599,821.2139002,2.31207764,42.87863299,9.814549597,28.09105374,1.7739189551107344,1.2434984334706494,3012.6185085597544,4005.439764374868,0.3739718924763022,3132.820769565797,node_41,526.5289373524663
2023-01-01 01:10:00,0.468430545,0.670267895,853.2635235,28.48916904,84.6515344,44.42716616,62.21336219,0.8488975472994474,2.281606454118525,1348.0867353696228,5337.616758781343,3.59226075853392,671.3703404682728,node_41,618.6987641968775
2023-01-01 01:10:00,0.414687949,0.426186446,772.0768264,4.007792023,58.87708101,96.19909423,7.857940472,1.805951042377488,2.2508494322734265,4015.8153810236136,1227.5330583119269,3.322599016422395,6129.946725742678,node_41,811.6981131911692
2023-01-01 01:11:00,0.282696325,0.248882624,692.4296125,146.7557424,76.15174534,82.69492909,27.79619757,0.7284598796047334,2.627582967416773,2493.515809561713,2821.9354526906905,0.5122291208722012,7498.572144291801,node_41,244.65578089429815
2023-01-01 01:12:00,0.086599783,0.880561462,244.5870014,83.76538509,40.90499733,98.76781063,35.77408955,0.3136210165148302,1.874626777954161,1315.8821595532472,8032.100525774652,3.707648196366881,5145.249972533402,node_41,244.74736535100584
2023-01-01 01:12:00,0.719284055,0.677403101,240.0036118,192.9729364,84.98687128,94.7639571,82.41625861,0.5629601185001506,3.900533693600269,1236.0484430260735,6894.158553760111,1.0558038575469535,5263.467692016179,node_41,982.8194588349896
2023-01-01 01:12:00,0.164040395,0.593589209,575.3096443,137.5819362,28.56146275,31.01465851,0.72772974,1.88664668414988,3.227988675572246,2855.8771805669803,6617.88987736765,0.945713355465648,1734.2291781208614,node_41,433.0263606817148
2023-01-01 01:13:00,0.08791276,0.071207962,113.9993157,33.53955137,49.83439509,21.61608918,14.23405984,0.430371956779413,0.7176801834744401,1931.943971019754,2397.8499289969814,0.3130443690400293,7668.598062045476,node_41,670.1350477526104
2023-01-01 01:13:00,0.477470782,0.238139915,180.4133789,67.65749316,49.01181997,97.32320817,18.63975296,1.8707921878471725,3.865343843005189,1220.726037170441,7636.557801593299,3.1818636498304063,4049.553671743772,node_41,137.2901145525566
2023-01-01 01:14:00,0.212454831,0.980333537,253.3412404,167.9113284,85.05307355,59.19970283,84.09207963,1.7332883171957405,2.6635712617640293,2433.311088331591,5280.913975308742,0.1010604110084512,384.03106806287633,node_41,195.7197258452994
2023-01-01 01:14:00,0.036506868,0.839409638,240.3786057,114.2013552,84.02258976,48.14362478,37.88091647,1.2501597803507796,2.840297160155038,1440.3831689802091,6951.155393672681,3.095903916805136,7676.6781216887775,node_41,75.74538451145563
2023-01-01 01:15:00,0.823087723,0.066864662,623.6147872,72.20844831,42.75484885,52.33398301,77.55927279,0.492867752791418,1.1442525975314417,3281.1024217341146,4397.593318332216,1.2233686684749916,3275.144751256408,node_41,455.3835214697989
2023-01-01 01:15:00,0.757697723,0.553339196,445.2474077,74.05469759,68.77918327,50.57467719,50.3978679,0.5988401128159738,0.5432808949960877,4075.246848502928,3017.2731252659687,1.1651993882070362,4336.677281573213,node_41,661.0877286025303
2023-01-01 01:15:00,0.750317555,0.005229092,720.0411075,52.87530727,78.22738131,68.23574564,97.64812035,0.6851032356792998,2.004466385656816,2717.526453164616,2850.3856512979605,0.0139295276377766,1287.390205625611,node_41,635.4345760489213
2023-01-01 01:16:00,0.223323408,0.472289562,392.9720685,61.39805059,94.05870527,16.84473902,90.09100558,0.5948236311844998,2.999491853013593,1255.2805378397568,6057.724222571928,1.3917038250919105,3063.7232117856456,node_41,784.6574002945113
2023-01-01 01:16:00,0.562094115,0.953358556,713.719062,162.2600457,79.60571627,21.59692532,16.2677252,0.9833944023425544,2.1881924488925675,638.2751650808251,1657.8412963911371,0.2931914073906148,5185.967118749528,node_41,575.6685841501283
2023-01-01 01:17:00,0.644359255,0.886344276,837.0563786,195.4613339,82.73794672,13.55401315,97.88672343,0.2968309404649593,1.4464044777007858,2374.259000893816,5560.076159188325,1.3254279604046255,2259.73871247396,node_41,427.1164647992016
2023-01-01 01:17:00,0.741065097,0.304009937,240.2284332,22.55684757,90.56165842,46.89432191,41.9686728,0.5872936388909764,0.835266378637342,2685.3816000283464,3863.8025776958048,3.3876558592031265,5020.932678670886,node_41,419.9735626801603
2023-01-01 01:18:00,0.71843947,0.732381614,967.8431162,60.7119089,25.66049499,25.8915725,56.17126096,1.8336607793242112,2.9718985237265785,1816.5353179698168,3642.814806261402,1.3351515231171325,4204.662068160022,node_41,549.604060037201
2023-01-01 01:18:00,0.081109838,0.225131951,146.5524118,101.9549633,43.45116293,99.30391372,12.1698487,1.606190548545921,0.9638726151934932,176.81948314757943,3992.560014863383,1.7752843398496654,1158.5967115319936,node_41,671.680869460803
2023-01-01 01:19:00,0.662770608,0.405756603,109.2556464,174.9193854,29.49142394,93.59661798,49.22579727,0.5520361257433897,1.3149677331768546,3208.164896755725,4093.3852086914794,2.533769650720934,1213.8900660904037,node_41,329.87175389583746
2023-01-01 01:20:00,0.132090018,0.502671592,309.4205355,45.47158548,27.0532708,37.64860439,67.56566657,1.463130193432831,1.383096014720513,2221.0972983061,1885.423575729489,1.1513435921121715,1886.2521428440568,node_41,23.642942374238476
2023-01-01 01:21:00,0.677149611,0.998855836,923.3327638,80.32920431,92.5910871,61.92337203,7.075296804,0.464127551982321,2.202430894555661,551.3355994142298,8110.781458951248,0.8374796559672988,7154.856595294497,node_41,292.8927190536269
2023-01-01 01:22:00,0.57731163,0.842754942,224.1340169,7.788525252,79.67597964,65.18908222,39.29454921,0.1587495880582042,1.627150763523516,3608.162576498629,968.8164157858153,3.841820850999063,4038.339384832952,node_41,608.3219472941241
2023-01-01 01:23:00,0.67478653,0.881560358,670.7303484,187.0550472,56.52980544,67.49400486,56.55912347,1.7411171344065388,1.7101952934176583,1816.6822896693225,3408.65051737598,3.335104747490393,1994.5226511450328,node_41,184.05134995298823
2023-01-01 01:23:00,0.815354054,0.472763994,981.2295307,89.16886677,67.64440431,79.0368104,34.53487743,0.4941219248649054,0.8822814095152192,460.3333649168383,4035.11593632302,0.4922497706682032,1836.6111653381224,node_41,740.4792624937131
2023-01-01 01:24:00,0.258335221,0.771904607,349.7960092,74.76286869,92.88644326,53.44827282,89.89130083,1.0745767501625465,1.3170027625041836,3767.551173509351,6604.854505566751,2.268735107763061,3006.728167108661,node_41,453.38551178158815
2023-01-01 01:24:00,0.086386268,0.191098501,184.4725908,102.0829948,25.66613387,44.04535813,64.59449524,1.973935045178556,1.551049931354639,1655.0176932493605,2138.337570550713,3.4604754575165004,311.3811221821552,node_41,35.94932807756091
2023-01-01 01:25:00,0.830363117,0.902868461,988.2943009,77.03253362,96.83746676,11.66347522,88.50253062,1.2533921279132454,3.106801168525541,218.8095835043428,1988.835358938938,3.3961328312128765,4787.620400903779,node_41,451.1561714315382
2023-01-01 01:26:00,0.81440493,0.388403493,644.3969403,143.5729389,91.79928216,18.69198533,44.47448673,1.0454449573856304,1.5805009595392012,3072.9543601002024,3747.280725847377,0.7491680505643603,4704.811108291757,node_41,845.7113735602713
2023-01-01 01:26:00,0.743465638,0.593654381,421.613952,194.8469432,24.96613754,98.17964685,97.39032791,1.4307808579183263,1.11729808395298,2786.597656290972,7651.856602967506,2.572778632318121,8142.477934279655,node_41,936.4367651943954
2023-01-01 01:26:00,0.393351961,0.621230289,167.2670238,58.0023631,50.35385871,17.2903285,46.7439975,0.3651007384036742,3.182317193958641,2492.825785002304,1872.1772648663973,2.624307646823313,5819.1546702597225,node_41,25.6811958534795
2023-01-01 01:27:00,0.937957603,0.624643288,958.8568147,91.99600536,99.08578879,7.888125967,74.00949406,1.8238707989693728,0.9135152774772102,3572.3125142408107,1481.1527560300724,1.1217082131584315,5839.439150139778,node_41,705.1322982709382
2023-01-01 01:29:00,0.466770956,0.206560632,663.6924739,69.2572159,89.99351964,1.690078743,60.16108253,1.1976570301318374,3.795551885859408,641.4837617202099,6558.286979912135,2.497433996644828,2523.820372495622,node_41,829.7817922628752
2023-01-01 01:30:00,0.564382627,0.286765016,840.9226808,136.147923,84.45586472,70.28205455,1.588147552,1.0411625127555029,1.8889090359738665,602.922047488482,1358.5482106243662,0.3339848795314699,4046.586234255754,node_41,961.3981183189528
2023-01-01 01:30:00,0.059105543,0.99222095,70.08857883,20.00825894,38.48303895,54.43307937,52.04941453,0.9616570072130952,0.5634585575244963,1859.39989153513,694.651500171514,3.530369729252892,2302.306863211975,node_41,433.805510432524
2023-01-01 01:32:00,0.966230255,0.227797848,346.4968025,41.33607219,77.24790455,95.9019249,6.049357624,0.95091197106149,3.415607227758879,2637.0630569003533,4119.153846293788,0.1362489549474501,4530.266534215861,node_41,669.4834494584416
2023-01-01 01:33:00,0.678244394,0.233837868,905.4449348,118.3459348,83.88158576,52.12932837,90.13067335,0.7277164561724698,3.1936053065571324,2079.922016686246,6205.800338398973,1.0328280727018782,7782.380945241758,node_41,646.075924048776
2023-01-01 01:33:00,0.351074912,0.645249416,537.0290295,106.7188922,26.31120708,14.61161546,79.09260686,1.5265936293094915,2.91378232367248,1950.759447643276,2401.072980419079,2.832494469048843,1836.449880603287,node_41,52.48475313159884
2023-01-01 01:34:00,0.87355488,0.92391166,755.0563967,22.16806428,87.79640462,69.85037063,26.0882591,1.868052261050788,3.5133275757211844,1156.350498460508,2466.759800077996,2.266251445610025,7777.036175699828,node_41,512.8728813886721
2023-01-01 01:34:00,0.912352499,0.475669445,789.5982813,180.0893434,92.99773557,22.85437187,98.60688698,1.4612562276212246,2.704595639564385,2466.493585513455,3891.1260149050713,3.713533376734691,707.1959726605337,node_41,526.9893411206142
2023-01-01 01:34:00,0.726711909,0.931293407,564.1792705,180.5470818,42.8068118,76.85170355,96.10400333,1.9939884222539064,3.868303402691307,2510.669369055019,970.745660740124,0.1516896720903369,2174.35878595118,node_41,693.1927428631742
2023-01-01 01:36:00,0.4785847,0.842400522,146.458873,153.487095,69.77795129,97.80263505,47.22529413,1.6956938171104166,3.5707239011424248,2472.7510245180515,4635.061826704803,0.8227669757254805,2085.281314959245,node_41,82.67955634403145
2023-01-01 01:36:00,0.983064394,0.721894771,161.1035251,148.6394343,98.13334131,34.96419817,81.27968807,0.5241366396702373,2.463406801041179,2934.7490034956886,5585.416783273057,1.4845023256418417,2600.331614893892,node_41,684.622760337817
2023-01-01 01:36:00,0.662938164,0.705096785,136.8686893,29.34685884,96.47953251,55.72041016,4.01879033,1.043131084437971,2.171514759105296,1925.7253487553503,686.1727462314735,3.1634076916173197,5084.75567633376,node_41,545.7348216355308
2023-01-01 01:38:00,0.179134313,0.737955976,561.6968292,97.94861051,39.98758429,70.8621222,33.94505993,1.5031474756365684,1.4381371837756538,3551.6705375163624,2274.6209783816967,3.5229136986551164,6320.505196630061,node_41,848.5179138821395
2023-01-01 01:40:00,0.386091883,0.266749361,253.1455888,57.53888732,68.38127673,8.431715948,51.93222537,1.6920190289742307,1.4929601588479118,1420.9207884669088,6782.968990990962,2.827250530436409,6473.921391136887,node_41,450.3283802163075
2023-01-01 01:40:00,0.203384352,0.285531295,570.3030866,148.1649052,85.87978938,47.32371695,9.66288515,1.2238534107364545,0.9727128892491248,1934.63661801925,1386.142725175269,0.4131417798331904,3213.655744295813,node_41,112.68779829196195
2023-01-01 01:40:00,0.147041263,0.39614136,33.00503396,9.881455362,68.54918457,50.04853642,36.63395095,1.2337634885309825,0.7878332521083099,785.8899225262275,6183.603404281342,0.7897681265727576,1793.2387523172656,node_41,568.8657085877521
2023-01-01 01:41:00,0.008824529,0.024027833,95.77629042,16.03460059,79.71618817,68.90850238,90.03259559,0.8821484423611556,1.5335182110848575,2744.6901099225934,4944.599645185371,1.9185499035079787,1353.1324843689815,node_41,274.0538466948556
2023-01-01 01:43:00,0.496791683,0.6664809,597.3732473,152.8869601,83.05286178,78.45418084,92.72806899,1.5277160859777754,3.921994319588471,1082.5388820463431,3244.939482872798,3.637731717121214,2753.577705961404,node_41,507.55244769168
2023-01-01 01:45:00,0.790156869,0.538033144,869.9335883,168.7579607,44.50029397,2.883424565,10.26638173,0.1748179807390124,2.98392146910438,3519.806186782134,6113.064011354489,3.25804106901048,4165.30883936053,node_41,810.9704722637337
2023-01-01 01:46:00,0.328431356,0.217887325,570.7396216,150.9166116,48.49669714,71.68613157,35.28416355,1.729146038997197,1.1000218427327455,1155.527747636183,6654.716936051393,3.2408582252192923,4168.888025467865,node_41,436.0402587827055
2023-01-01 01:46:00,0.029915331,0.101034438,578.5572747,98.07572843,43.04365083,38.48891731,71.43536962,1.3223572716518712,1.2527684112175788,3812.15749210731,2283.3903430398805,0.2120975732292214,2886.300364208867,node_41,275.09401510443786
2023-01-01 01:47:00,0.528751843,0.374790089,121.0932328,105.8350693,80.53087308,44.95695805,37.33717182,1.3996579667780804,1.8007039683802293,174.9000603946422,571.6826559793027,0.5882384201520425,866.4832739912199,node_41,936.0373075481544
2023-01-01 01:47:00,0.853208873,0.070603299,52.26613222,16.64313746,44.72907026,2.150041674,6.477071017,1.321384186130933,3.8130696183368378,3058.174217445744,5453.530446092687,3.580968225916535,6211.82878889134,node_41,513.8660090545198
2023-01-01 01:48:00,0.569835793,0.419863273,585.8884904,95.10663348,46.40087318,39.52716007,42.53528433,0.9959945612706176,3.1383766534446256,621.2448688370789,6500.969111076094,3.301518088294308,2090.7522021245118,node_41,241.44358444950208
2023-01-01 01:49:00,0.757720277,0.306323727,807.7661441,25.12398331,76.028969,29.17362747,84.6136144,0.8014641707453949,3.926444924035745,899.7246607189777,6130.228045798412,3.2781674202790927,5340.117230771891,node_41,376.3667092866024
2023-01-01 01:49:00,0.10059855,0.319859685,375.8048103,67.16481887,88.22824698,65.80761038,29.19410921,0.6688937411055234,1.2542505709930416,938.0575320916214,2749.1423488275104,1.8232345326355837,258.7549334979585,node_41,131.42800736089367
2023-01-01 01:50:00,0.065106338,0.833887078,681.7761748,9.331776602,66.4497323,9.870007088,76.95678688,0.9767713971365244,1.260236951490568,3923.9097119724174,3273.646669977582,1.5405212921597191,2033.930099681912,node_41,535.2296863248001
2023-01-01 01:50:00,0.331049054,0.889291859,405.1722274,194.8588794,20.39359191,47.47316732,45.24088537,0.3906307672077136,3.957463304967338,3634.17778253737,7563.587662989175,3.8114667137823823,801.300879531439,node_41,511.3271210019056
2023-01-01 01:50:00,0.556112628,0.664558736,826.9401984,172.814296,39.82506203,72.50198578,18.51019697,1.5001654943287264,3.4560110851436865,3946.125969196805,7769.526450600573,3.529292913267732,3686.539601141096,node_41,701.6957024634061
2023-01-01 01:51:00,0.128388322,0.159533774,904.3262714,179.6486063,80.34421048,14.86013753,59.51481386,0.5492656031751023,1.2506363926677333,3284.4137612970703,5564.350306982571,2.9068616742280557,6412.572501212109,node_41,259.0496664709858
2023-01-01 01:51:00,0.549187539,0.352479245,571.7123118,7.727441643,28.7550189,21.44129563,92.51799323,1.2877962315310982,1.8487093429366024,1322.4170059770647,4193.409811539117,2.8330165605545647,2704.4000115753934,node_41,498.03151670168097
2023-01-01 01:52:00,0.313482826,0.494722876,268.4989442,16.99041509,46.10573376,16.91438214,77.40616586,0.7438101429347639,1.9271179956724696,3609.855841133067,3873.5613957525375,0.8386402378199156,6924.997781066704,node_41,992.6366409083143
2023-01-01 01:52:00,0.427611202,0.219736888,588.1462244,164.8081382,72.12104375,86.31059941,92.14107755,0.1485320448559783,2.9000694611704434,4028.724891755785,4473.321352449943,2.9100794181794254,2427.2423751367805,node_41,199.2146719029332
2023-01-01 01:53:00,0.542078622,0.980704308,842.9113384,163.8358582,81.50296577,35.42473528,95.91311708,0.7304395661188052,2.8274837229063343,3394.613552746476,7348.968382715533,0.3199029796977992,5619.384766136837,node_41,957.9395958140996
2023-01-01 01:54:00,0.34901469,0.859327235,643.2964984,4.010278121,25.23419406,14.05226611,11.4194806,0.3139297094670236,1.5295554089026564,1761.2054513124692,5134.340506044247,1.1774689538474084,606.9470641130301,node_41,130.661436431323
2023-01-01 01:54:00,0.671432281,0.753646193,344.2762065,114.2307007,43.42365526,99.29093296,22.36277856,1.9280204836061272,3.568146604621017,3303.8498651097143,2353.3114557162817,1.4301125402135422,4355.147923133039,node_41,60.20917640293544
2023-01-01 01:54:00,0.558605585,0.892146396,831.8799865,39.43763515,74.51433634,52.88466381,32.93859547,1.2037726735359555,3.264418911260277,1406.7940430282224,5218.1987837045,2.9674834753738173,4755.377682530615,node_41,557.6460088323664
2023-01-01 01:55:00,0.861883753,0.393720616,579.7243612,33.50340732,61.35182758,16.94462999,22.62809905,1.9120875774330648,3.2373267183488545,324.5877091562027,8051.003074422887,3.8898132385612407,364.783547334745,node_41,674.4177153188217
2023-01-01 01:56:00,0.009620514,0.260004548,311.2297223,28.95155491,35.99594131,85.54141265,57.25887521,0.6692001802444139,3.60516131118538,2900.903047704644,3217.1622870816536,0.4091100412522155,359.8070177161344,node_41,148.73288997541744
2023-01-01 01:56:00,0.558637418,0.46149664,476.7790535,66.59010686,75.44969576,98.88127675,58.78880402,0.4088049793784749,1.4778454373048648,565.8079467761507,1475.7259227296704,3.3228380214687605,689.0315829824794,node_41,760.3620050340883
2023-01-01 01:59:00,0.386212345,0.708963834,668.0387546,1.389409589,84.54096323,54.1696429,47.64165325,0.2274553046576011,1.727709139689254,3842.399493691076,4695.549859652984,1.7565588302203294,4101.257672904744,node_41,341.13564980384234
2023-01-01 02:00:00,0.662658776,0.968899004,414.083846,130.3218926,62.60563769,63.41425938,70.77720681,0.8868614171491221,0.5765693152634646,2332.160693980738,3311.776040345897,3.695885060800774,3864.393316726947,node_41,704.1478117275456
2023-01-01 02:00:00,0.680457123,0.873779763,401.4899994,173.5086147,96.26893268,87.50102018,79.45253314,1.3603789775410813,3.4819398504685943,1242.711471263252,5524.651522633645,1.2082835844144046,7412.436748553399,node_41,260.3121110047493
2023-01-01 02:00:00,0.294712605,0.587592096,8.827599092,144.5193812,70.97010213,79.95573492,80.66566209,0.4855458943162587,0.7561682023290504,1280.830227191844,5328.164234863861,2.9616623601515486,203.51883815458405,node_41,898.0784966449505
2023-01-01 02:01:00,0.125032731,0.069774194,279.3812711,91.5991821,37.42173495,41.82883483,38.58824744,1.9148049822737592,3.413435618948934,237.2561540392961,6855.026907204663,1.8512026171970168,2022.688480506662,node_41,619.8023679524937
2023-01-01 02:03:00,0.68895451,0.908982218,60.63012029,167.3289431,68.88649113,60.34205459,2.198824311,1.459423052660956,0.674599793222987,762.0993954902265,2106.8721070268675,2.9739618679350666,6332.983777086402,node_41,772.0941429576889
2023-01-01 02:05:00,0.19946052,0.022646256,435.4646885,3.38033608,39.83497224,44.49631643,24.37666175,1.8394404013532275,2.740346107380736,878.933797524722,4495.08039256734,1.9544165568137788,4576.437201869357,node_41,153.93986046874664
2023-01-01 02:06:00,0.415918819,0.433202277,625.3405628,181.1710839,91.60111901,32.28650998,80.5428453,0.5747067397381963,1.8366384043564352,1410.6633813748304,798.4698321477094,3.378358676519148,7036.782827401489,node_41,656.6419638215206
2023-01-01 02:06:00,0.828757107,0.2855209,763.0140762,169.8791966,44.05979328,24.75596751,68.15011155,1.4048128060388958,2.307393421411837,1736.0084150471212,1294.2678024044233,1.0531329892015826,6864.687068670768,node_41,867.454799011956
2023-01-01 02:06:00,0.654206109,0.490756277,998.8261402,136.6531814,94.07159785,75.69792304,68.45271057,1.5822205468939063,3.179790075103034,2649.970667221108,4443.917226682257,1.3141288838668777,1162.5509535456686,node_41,22.354504468417247
2023-01-01 02:07:00,0.648541153,0.763241289,351.1122107,164.363797,44.65901852,5.246527306,85.39649117,0.1691345020166575,2.822547416397326,1389.0973015116351,2473.179969883335,1.4632691256506836,6452.341493861874,node_41,522.2811088535556
2023-01-01 02:09:00,0.241048994,0.501368279,498.9385093,120.5720263,65.18527883,26.28537365,95.86357174,1.842007418132498,1.1986353671497958,162.05699159885074,1979.2503147298287,2.91823636653958,2012.7633877881271,node_41,702.3135548224092
2023-01-01 02:10:00,0.082140562,0.028294201,56.84101833,61.38796702,64.4728397,64.83432384,42.58002885,0.503466304877917,3.367635246276424,224.45377199235676,5654.999378458461,1.4771962555367124,2439.9547122193526,node_41,459.7471394511956
2023-01-01 02:11:00,0.02240236,0.815753153,802.0476754,63.11592621,83.54396649,35.65027777,78.10221879,0.9504599365363954,1.3409050809854215,2390.519589679252,4770.655846293736,2.1546234650299647,7555.883558993381,node_41,226.61004601366903
2023-01-01 02:11:00,0.585154436,0.902683494,515.8593833,9.240709774,92.85600393,78.59784735,21.66327961,1.5530986312333672,1.597587365404319,3036.841198227904,2787.2144224455205,3.044950085686671,960.7065084032693,node_41,970.8393560961282
2023-01-01 02:11:00,0.410431914,0.885534231,269.5782153,3.344960736,65.29008403,18.59596022,1.738182216,1.5551058280803078,3.398736746964017,2734.070302114043,2678.8874795275024,3.2561918221337214,6599.921584769586,node_41,965.4430237191932
2023-01-01 02:11:00,0.093131195,0.095764671,734.7977816,136.5350194,21.62966202,78.64816165,33.08791342,1.080882824169026,2.6365145667480743,2385.489265686544,1938.8627163161536,0.810407171885883,3191.964666687298,node_41,829.2265523933122
2023-01-01 02:12:00,0.472130048,0.866804175,207.3431993,151.3380593,59.56884278,43.72060055,59.1225008,0.2265862200693963,1.7056083780596605,2080.7866069216875,5788.689956421018,3.978804058337646,3238.147073027135,node_41,612.7345901946013
2023-01-01 02:12:00,0.142313538,0.576028705,299.1938804,165.0575146,43.56780129,35.20564371,16.87001298,0.962403923105489,1.759517478845923,3828.800114917648,4813.359344002432,0.9506205033095894,1507.958409331166,node_41,60.18948208645758
2023-01-01 02:12:00,0.851917621,0.461247919,672.9412526,187.7460384,35.58088669,24.18521783,74.4312915,1.1336467468107827,3.175600682289609,533.6974382369134,2403.22648015934,2.6642053256970835,7751.370544724715,node_41,409.4925851203859
2023-01-01 02:13:00,0.477672375,0.045163795,747.4681147,191.0063956,84.94506997,51.56203679,3.225590522,0.9171836799821244,3.385505841876777,1546.1688798379164,6857.852873431702,3.7316545534914938,721.4736336229853,node_41,386.7354854124967
2023-01-01 02:13:00,0.52104296,0.208340658,967.0484984,96.76694454,51.5850843,32.54604388,37.55473832,0.2717476876952263,0.7473268496179721,2221.259849636799,6783.367461179234,3.7209755994514593,1835.2226524972048,node_41,949.9797879086146
2023-01-01 02:14:00,0.327871652,0.128461281,176.4732204,59.88299199,88.53115334,86.91859974,20.77813126,0.2120739882118912,1.042053122329056,2811.005314192625,4489.657619361195,2.4897888021452523,3976.2645630863135,node_41,193.9846625560168
2023-01-01 02:15:00,0.087270165,0.499138006,117.2929463,142.3165638,95.03232939,5.805906195,1.552749541,1.5476445931664489,0.9019328920197192,2620.8869749762434,809.4864428594185,0.3616953037051691,3063.9579262260813,node_41,246.3387128712885
2023-01-01 02:15:00,0.591396948,0.723293057,678.6276076,30.99493268,86.56507945,83.06636233,63.52578812,0.8303739229207966,2.511192278060453,613.354651520026,6312.572705788784,1.130349896218076,6501.959586839025,node_41,542.2309640180149
2023-01-01 02:16:00,0.182970242,0.595627514,519.2912423,30.96830435,43.42430503,15.45349913,19.2068092,1.5360300001101777,2.8305451684961214,3795.041908618888,1708.641223195931,3.598389851114949,6533.137832892036,node_41,141.4429873548825
2023-01-01 02:17:00,0.894015455,0.26498804,544.2377338,153.7125857,45.71666952,85.57066557,82.03475257,1.330631309572578,0.5426538187721184,2867.113583408436,6813.180804926072,0.7513022722462526,5362.037564743726,node_41,419.37534217458585
2023-01-01 02:17:00,0.393717347,0.497326969,787.9993368,13.10494725,98.21915416,34.94536005,24.89258912,1.0200452203556234,0.977802509684376,3992.374441181732,1152.4428792535766,1.0250642722708565,4379.158262714836,node_41,379.20756116051024
2023-01-01 02:18:00,0.163114247,0.870462526,87.11881358,126.7402145,44.75610177,64.99474907,82.62758095,0.3686733951766473,3.175636334173923,1234.971096313765,5246.391855759368,1.6747852317006535,453.14286960983736,node_41,809.6455529071789
2023-01-01 02:19:00,0.253574685,0.416124258,558.5763806,15.78596672,37.90413751,60.31257288,31.32738058,1.8789219401411572,0.5759229526369953,3266.4191333606136,3877.035295015701,2.6571458583433807,292.510332619604,node_41,147.06604045744075
2023-01-01 02:20:00,0.249899317,0.42425806,468.2915401,192.8188652,84.16313891,19.796843,63.06034496,0.636391726716723,1.92208700559432,1090.216974952451,4531.196204300141,3.4766169378180347,877.0588092706685,node_41,460.665845221394
2023-01-01 02:21:00,0.907205701,0.094055199,359.0631249,115.0247872,21.1228634,1.876422673,19.51946659,0.9909118285594652,1.518762191777925,3582.73180864491,4476.092561267403,3.1652198629203805,5554.781285151883,node_41,950.6186825400192
2023-01-01 02:21:00,0.522031889,0.786416404,410.5453562,164.8302791,77.18171081,35.88065854,23.91435891,1.3891844031927902,3.148892317113269,1000.1745409222248,2854.3099291793465,3.8207925685112114,6933.743603312893,node_41,302.2875738812797
2023-01-01 02:22:00,0.501957453,0.835262297,607.5261578,27.37627226,74.57078446,93.66437547,92.21512889,1.5419536312050028,3.342167731716988,2937.697314246213,1695.4965429146644,1.3680960060143643,5507.058782197644,node_41,745.0109183635925
2023-01-01 02:22:00,0.142838831,0.679264996,710.8872466,70.86765577,84.14014104,57.91166254,83.41004748,1.515395571974788,3.1843288561336744,2968.7871194580543,1741.492639334799,0.0358517845376273,5237.9222907758185,node_41,400.23908881050176
2023-01-01 02:22:00,0.340785578,0.250073018,890.3897842,174.6898938,32.78791159,29.49685884,77.49399826,0.4261236103528589,3.4575193991841893,1202.365663564225,955.218999038914,1.397949864523076,6338.862343623113,node_41,968.8714191991947
2023-01-01 02:23:00,0.950482211,0.920004497,861.1665868,29.58019384,32.75702161,11.87945301,45.84891119,0.957214218482708,0.9191878004557854,174.5660178527914,7064.628624787916,1.530962085535312,902.4983958825242,node_41,911.6031766425398
2023-01-01 02:23:00,0.496076208,0.060876164,160.5405742,176.7645346,69.96531554,98.35882698,20.19355132,1.558605236888302,2.0335854531203656,2221.125329155118,371.2578094716735,3.002884649241125,2633.577642072839,node_41,923.227466150722
2023-01-01 02:23:00,0.913988892,0.604888045,919.1611103,19.23596165,99.39589989,24.88800401,52.42685214,0.4975424545093845,1.6256068998182616,1527.2383032874932,1307.4061632512542,2.4186227931441904,6296.869318620731,node_41,258.2473121765772
2023-01-01 02:25:00,0.289247386,0.976559297,532.3961545,74.14900238,21.79341939,74.85658304,26.86871665,1.2382806915417406,3.997138946546974,2618.734806523269,3498.0186411684504,1.8844161909982629,171.76127573060057,node_41,170.8723076815577
2023-01-01 02:26:00,0.746626244,0.364272564,325.9362686,28.47828908,38.91609974,96.48766007,43.79629179,0.7114327001804244,0.9297664365564786,2223.844514855693,1817.8688111604868,0.4798445411581054,1473.769517005495,node_41,925.6677579490248
2023-01-01 02:27:00,0.261182858,0.479710131,946.0180739,139.4370711,65.95591112,8.790984851,52.30814316,0.2507053451163388,1.4020100060326637,224.7950542389949,7708.400617364779,1.7780643783027212,5176.336593990157,node_41,967.9421852963814
2023-01-01 02:27:00,0.650342026,0.4501639,343.7047553,146.9414818,99.09064447,87.43748935,14.14016541,1.722604303745932,0.645445910504566,3474.508567240166,4120.85217554383,1.6678983899958766,5518.905912841571,node_41,595.3524227650952
2023-01-01 02:29:00,0.394362129,0.771999322,838.6962329,98.36102551,94.10891114,23.28144113,38.83926964,0.3328457224096763,1.7460119204775846,3040.512070002625,7089.586801043555,0.6619674828153084,2202.742319719002,node_41,706.5328165896784
2023-01-01 02:29:00,0.970424402,0.39384852,972.4608257,24.65942912,79.57103042,37.36512611,50.40567173,1.280794810128154,2.904665896187491,3438.064614107848,1676.1646827079358,1.9731083268529452,5706.827506425187,node_41,274.8512778954618
2023-01-01 02:29:00,0.584869507,0.666482088,692.769296,93.83316211,32.71674758,28.7437708,74.11732865,1.6992112160877904,3.45994056034701,2677.9223277952474,1182.9723994544993,3.335265041393065,876.6351099034346,node_41,263.5559274103715
2023-01-01 02:30:00,0.564527203,0.107355311,140.5521609,181.3190988,77.43571608,1.856848102,82.68365226,1.9944236701464164,3.445352966143055,4008.18362405852,1573.1734249395288,3.538533005534868,5301.488010781568,node_41,394.0421931732123
2023-01-01 02:31:00,0.800023055,0.191597475,17.02108934,159.9604351,96.29482178,92.0489549,76.2458549,1.0950064000998534,2.809042310847628,3972.679709624605,5035.117526676462,2.5609731813258327,5781.687268877783,node_41,35.45871266007738
2023-01-01 02:31:00,0.458449941,0.968386412,706.1126915,100.9061003,62.75774243,32.16644226,38.90582501,0.5243982026178311,1.8498072482910195,477.321742152034,331.5113800404388,0.3934892957040219,674.4756832370922,node_41,776.4303053580047
2023-01-01 02:32:00,0.721592139,0.541539916,603.9603697,123.2837574,91.00424293,11.12437307,18.67299169,0.2567992850812607,2.637682733696232,4080.3755818453383,2366.0068719329297,0.3530845323100147,3668.548802157669,node_41,161.8955115180415
2023-01-01 02:33:00,0.824800418,0.479993972,999.2961898,165.7837702,50.57274289,41.25344911,32.95238245,0.8715755213446728,2.854439834719236,1782.998275453756,3564.5642882705706,2.3864784461444577,6066.444931602376,node_41,380.3760108674567
2023-01-01 02:34:00,0.86668124,0.391433417,613.83977,180.7872334,61.34803585,22.25069223,83.16764236,0.7027852115330633,2.4093890180815016,3499.746882203412,534.7677820822906,1.1222523778055278,7356.550376993315,node_41,164.34138496573104
2023-01-01 02:34:00,0.165245809,0.187226072,820.7147856,195.6829164,21.98655756,31.67610895,17.37119937,1.2598431292054189,1.563244497249042,736.2387286783795,755.9669771195831,2.323605942154289,6044.525600967345,node_41,135.7417850189615
2023-01-01 02:35:00,0.340206318,0.136506769,452.6705671,6.783817976,86.31466323,86.13315988,38.80526087,1.9692639732473955,1.1948357573188133,3418.151920096176,4063.6577054110458,0.0739435799086494,855.4043210858217,node_41,343.97595757030285
2023-01-01 02:36:00,0.732677893,0.572025006,849.1631767,29.89029302,90.6481109,9.565535012,23.4427362,1.865489455643596,0.6851787423580555,3849.035380166117,5010.105921847241,3.879690585654703,3872.586887359044,node_41,586.6566652835114
2023-01-01 02:36:00,0.443775258,0.4733891,348.1570088,94.37988931,91.4752703,94.3431699,94.99431975,1.2148991635501498,1.7808735648476577,1806.111069940108,6533.703482729376,0.6946445144830484,2585.432376846524,node_41,764.924889857104
2023-01-01 02:37:00,0.752185977,0.202526828,841.8934548,177.2748934,94.11010509,21.69916429,95.01034029,0.4176892046048283,2.6357819576678905,3938.56396166098,3245.0631338608614,1.0378676201492332,198.1724284322081,node_41,417.74020980282
2023-01-01 02:37:00,0.433516705,0.547242386,830.7822473,27.56899903,36.88322235,62.65938389,69.51745063,1.2301214086589438,2.447685110252258,1646.8447167231916,1374.3438646372674,3.3513920815249785,264.5896108816987,node_41,523.8505948260325
2023-01-01 02:37:00,0.026946833,0.215481123,659.8779255,69.76732881,40.51127641,93.20065375,97.19613533,0.1932214455442937,3.2269176674946305,3050.49911395652,7666.356876680353,2.660573061406798,3419.613996113781,node_41,822.6190547519924
2023-01-01 02:39:00,0.008001527,0.613107982,601.9397662,1.758291058,82.00552055,15.72705593,3.992987536,1.6646903414764105,1.3436473940534803,1654.6809638438065,3150.8893510076005,3.734250543482788,228.96432230383016,node_41,237.2152122387872
2023-01-01 02:40:00,0.518621332,0.124781269,51.11948371,45.0143593,31.8545488,23.52892883,73.09439558,1.695118281541243,2.00745649376422,864.8733088450957,5417.154540327993,3.562780330145401,4971.371030629939,node_41,504.36930346995
2023-01-01 02:40:00,0.236793775,0.848704551,895.4476778,171.8640627,29.79116968,65.87803446,21.74852167,1.0430511027901306,2.3476125927939253,1337.9122756808945,2836.0810056389955,2.709393955162636,7133.115861388292,node_41,449.6011083996341
2023-01-01 02:41:00,0.255866561,0.178152612,537.8572882,137.893081,99.57714586,98.99011318,76.26977547,0.9118957183348038,3.684279867432928,3621.866825950998,4292.660450480342,1.3430120550104323,4361.142673712953,node_41,708.8547946826054
2023-01-01 02:42:00,0.852833027,0.756638292,405.6423248,153.46123,96.98338839,13.35496271,63.58323901,0.3021239282740016,2.374248617462176,138.53210674599973,2605.9708925245423,2.042765263486493,2323.807702365937,node_41,479.402905949309
2023-01-01 02:43:00,0.246865925,0.305674748,457.3053633,25.26134671,73.98117914,13.20278228,61.35689041,0.7359870197403207,2.946808671039085,811.4940482520102,2791.9820146428347,0.359680895415464,4322.617061319312,node_41,869.8056837412206
2023-01-01 02:44:00,0.684891012,0.194896,646.5067183,17.98785117,24.46265366,54.1414958,83.66073169,1.5157611813918828,1.152185597187977,3460.061070786096,720.3810568997844,0.6008342859084119,5065.239179108019,node_41,828.9873975881655
2023-01-01 02:45:00,0.613068692,0.911646497,31.86788267,80.63255002,53.96680416,78.40887709,68.82676139,1.3690642514190718,3.9070064461607417,3916.779673416047,6017.973800000556,2.656279981694232,89.96657605945802,node_41,81.22949012453462
2023-01-01 02:45:00,0.432886289,0.706066889,134.6149207,15.19268838,76.78385566,83.74847895,76.8697608,0.1828883839296467,0.7444129722898367,3237.006959597521,3110.6269656352897,2.9680800552853897,194.33071751190528,node_41,527.5005315305881
2023-01-01 02:46:00,0.202367143,0.423184091,833.2497479,126.2474991,24.46482945,95.5627982,53.42922079,1.051795866824465,2.2946749674113733,1021.2378711012398,5423.568049905699,0.4725649602431181,5620.25609415449,node_41,994.3118970466866
2023-01-01 02:47:00,0.476746064,0.950993856,828.7996731,74.60219324,85.47295696,65.55881713,68.85529471,1.2372637863521998,0.5870926181377066,2380.8545596546514,6860.531702550101,0.634735923664846,2430.016037436918,node_41,941.7870049790072
2023-01-01 02:47:00,0.82283728,0.781857298,338.4864603,63.23475702,82.71936761,69.6151503,83.54649873,1.442422037160485,2.7417287973835776,796.287598428906,2208.24024639617,0.0106758369681472,6813.770318869789,node_41,494.2083608748079
2023-01-01 02:48:00,0.473172706,0.986072472,136.1822476,54.58459088,82.49274404,12.38647949,76.05353374,1.3422411314570957,1.0242275457690726,667.4689302915374,6626.325050636376,2.7943834805480794,7007.937377783683,node_41,448.8989062598407
2023-01-01 02:49:00,0.714472344,0.047942645,123.363886,175.402734,37.92408429,66.7025378,55.43351002,0.4996286994849913,1.6661141929903824,3489.448018492211,4479.0084085755325,1.777754370653767,2635.329201192675,node_41,112.24325671308011
2023-01-01 02:49:00,0.654940898,0.572284068,822.2095904,56.52543811,92.62429737,25.19152893,99.55637931,1.35566580270005,2.7281890537112843,2763.56332597378,3089.9262105090684,3.87847977657566,231.69861421313271,node_41,482.57219955418526
2023-01-01 02:53:00,0.802885857,0.076624593,888.6477437,57.84011117,36.73475598,15.97221109,8.243856668,0.9964139475867568,3.8184312510859177,1159.0912844541674,3216.2218538453403,1.0492135692403337,4140.739587950972,node_41,628.2544298521962
2023-01-01 02:53:00,0.463620633,0.763188667,243.9597452,173.0170686,79.35808058,32.85056284,19.95267658,1.6438804973470351,1.4308785087595643,1976.770929187196,4099.235489095594,1.384725633959767,4772.881795523591,node_41,421.2147185272737
2023-01-01 02:54:00,0.109710351,0.845002176,56.87790148,165.4998234,79.20680001,5.358549215,46.43732134,0.2828981247070864,3.8034625513641314,688.0384947271734,6771.123486120089,3.554503497923089,221.67085076724288,node_41,532.3869864561834
2023-01-01 02:54:00,0.589122686,0.947052912,804.4950379,164.9199973,87.86102222,23.95158214,75.75354683,1.4721482925686526,1.9895342787673724,141.37799758843255,7210.10284146139,0.966511864630843,6765.643977248705,node_41,847.1050441624543
2023-01-01 02:55:00,0.439593281,0.939566772,895.2845726,87.9042255,96.18954285,45.14706841,34.38098188,1.323888821542297,2.7889529962422137,395.6669322985536,3594.0581724604485,1.909641362444048,4453.991084522293,node_41,677.4503288144601
2023-01-01 02:55:00,0.646176587,0.063613346,74.6991371,196.8997558,58.06053583,84.39912228,23.74025322,0.3802967971424986,2.2412870343989613,1727.470709901731,4249.453293759505,2.3045111628601607,372.2764134381232,node_41,979.8950796798732
2023-01-01 02:56:00,0.811096047,0.697620487,306.4181032,31.11809887,42.68786366,99.26345992,35.11472314,0.4186293936505437,1.9300163872736964,1840.4580227308488,6268.468434915558,3.25643203082452,5940.699129818375,node_41,168.26819774366453
2023-01-01 02:57:00,0.560853116,0.361215385,515.7467435,195.6038689,46.70350144,90.57676322,34.81820974,0.1308443757033491,3.872570175030504,3247.6980382571783,2386.3805122973,2.4131958897800745,7587.694976996823,node_41,308.7035543489767
2023-01-01 02:57:00,0.159274594,0.616498159,540.3892549,128.5272274,83.9082727,63.35797508,19.49059377,0.2488456422909259,1.1359958237076793,1076.0420507644076,3155.1101281237434,0.2205045981348132,3098.0443207490425,node_41,114.49745995079564
2023-01-01 03:00:00,0.458621387,0.464712175,431.9610473,23.06730252,25.92408609,39.2167234,80.07695836,1.6993342816269603,0.9199687500581886,3812.9388941981706,3787.3636930333146,3.024937844874277,305.8613883080734,node_41,263.02205460045127
2023-01-01 03:00:00,0.343924361,0.361092615,536.9624871,194.4325571,23.85731875,94.30429767,29.18750348,0.6838141156549655,3.945946745505956,3091.2148914748377,5519.730119309402,0.3450479945104696,3589.2330001698065,node_41,739.1648988142451
2023-01-01 03:00:00,0.856663031,0.682205984,758.3397766,22.18989762,33.83757729,3.760227291,38.13919251,0.5257842623584194,2.427964128394529,3379.4604236818823,4553.31863611781,0.9440415511446963,8101.182809279461,node_41,362.1774281894868
2023-01-01 03:00:00,0.253555761,0.800624794,193.1364891,95.85166781,39.34971423,8.682950412,5.872036635,0.5301869285704042,3.321664023612481,3695.664424983485,1350.5970533007014,0.4623866844937541,2386.3310521032035,node_41,263.1231699550027
2023-01-01 03:01:00,0.194198801,0.00227434,443.3743536,174.9942138,87.27570475,21.9144119,6.651179417,0.4368210701640747,1.5399493713503083,2537.629421521024,8187.370146584444,2.214978270395733,2178.933649063233,node_41,874.0661634102861
2023-01-01 03:01:00,0.158659826,0.612654599,240.8202308,112.3232018,77.47514287,3.751918767,56.68976534,0.2511702330537137,3.1814330776997264,3242.837163606596,7466.0453639259395,0.5847528125141763,2076.9102969509686,node_41,673.1140094506856
2023-01-01 03:01:00,0.925300747,0.420025218,54.16961213,107.4484656,57.55374163,49.93858445,97.10941558,1.0305523915983084,0.888564505338928,984.9494982670024,501.4941539136872,2.1641567871140723,6886.443214179558,node_41,636.7909583200815
2023-01-01 03:04:00,0.417512926,0.708938333,346.31333,191.0089952,82.4096036,13.14254631,2.366589702,1.6137095113096152,0.6355982220107255,1738.1765212482203,6354.799974546265,1.2883608090065963,2286.259895922321,node_41,606.3911622925542
2023-01-01 03:04:00,0.224163799,0.464493418,353.9528027,3.202360723,51.04894455,48.86238304,21.11523362,0.374984522352361,3.4557351109743912,3149.3769522145094,4845.623230356319,1.3446511879222904,1126.1488725886356,node_41,190.25242641332065
2023-01-01 03:05:00,0.24338017,0.547007701,959.313635,67.18881939,75.91490586,49.15452822,77.70850503,1.744812811501531,0.8848861194514879,1136.3050839347115,6795.016747848047,1.9936437051017453,7811.924166922628,node_41,205.0738584106804
2023-01-01 03:05:00,0.491594209,0.101191474,219.0072668,106.7544755,30.52846916,20.38442395,0.686408482,0.1312432618437885,3.3411723537549074,653.9460858354013,1490.031249174879,3.3488195370035947,5057.773860906936,node_41,233.55564355629056
2023-01-01 03:06:00,0.120967052,0.718148751,28.41545734,137.8738339,70.683612,14.39114098,95.26241814,0.7998383565206596,2.4710776469574784,1481.0362906953596,4651.92676138193,1.5459499470580065,4769.999630814687,node_41,732.154141577631
2023-01-01 03:06:00,0.955650071,0.093546271,571.3883225,78.31688126,89.55758812,91.5428998,92.76460208,1.89544364897154,2.2477662060579435,1372.8235045442914,3602.319250656325,3.6931011334398094,3546.1240379481505,node_41,168.6807696435053
2023-01-01 03:07:00,0.422306094,0.778680366,676.2149871,117.135698,39.0613008,72.71756027,70.73068612,1.2635712098757692,1.119507407796359,3005.604032562059,2180.261127113929,1.4283016044021155,6921.957724850825,node_41,224.4109036101869
2023-01-01 03:08:00,0.121694114,0.453451192,125.8236005,13.43600972,31.61875915,95.54052782,38.62475096,0.6205177886194897,1.753412798426234,924.9238448132612,4007.163424313398,1.0122182057573594,2024.598937013224,node_41,68.33913631398647
2023-01-01 03:09:00,0.211891542,0.687912719,315.205659,58.87346054,28.07961625,92.60048307,63.18134258,0.9729841707600227,2.067106020390848,907.3394460852973,6267.037942703884,0.8135050408403184,2364.237012675738,node_41,716.090968946096
2023-01-01 03:09:00,0.712505372,0.579885556,600.1857812,120.0126635,88.24740621,48.177461,25.69900027,0.5957249803786984,3.162120988636101,2165.116086282149,3822.568433313047,0.3835130613710071,2819.1680397764057,node_41,704.5122224579576
2023-01-01 03:11:00,0.210221398,0.386524244,250.2017471,125.38656,61.40928539,97.04049946,48.38088672,0.979685179986868,2.360597543407847,2826.630354456545,5361.378983886538,3.990003763843298,5214.876423750431,node_41,244.55967414215215
2023-01-01 03:12:00,0.337473015,0.014296282,777.2818914,20.24095067,33.86095914,24.72656787,39.52827824,1.1924686061509655,0.9137536959359016,2395.214115159646,7746.211356472572,0.9848334515609958,4111.941384942744,node_41,614.9038645941838
2023-01-01 03:12:00,0.925813953,0.558145001,240.9531112,93.12080682,98.48342011,9.629196103,41.34554905,0.2581972412809062,2.330090922848422,772.7027032783519,3003.306430659196,1.7453524088015562,446.6322163353625,node_41,709.6659974017552
2023-01-01 03:13:00,0.036805,0.634324189,810.0233115,190.0410019,48.85650965,87.02275915,92.87736244,1.285564024490519,1.5418742408845807,472.3741515456986,2857.7546568664884,3.617949283091304,3719.893130557112,node_41,873.3737609721795
2023-01-01 03:14:00,0.297809561,0.633089966,295.4786126,193.4905329,91.26505564,58.15531402,68.71278168,1.458118287642212,3.90906834344767,2168.483222064512,2926.600541623926,3.7876995687300106,5251.474416547182,node_41,44.455496939013074
2023-01-01 03:15:00,0.621206167,0.538256517,542.5776792,81.89602213,50.37162222,49.6871839,76.76869323,0.3216003089099782,3.794394122564768,202.96856109027112,4606.106114901656,0.6338826038370273,4846.535879443431,node_41,129.59388711625286
2023-01-01 03:16:00,0.981339082,0.220229384,906.7768201,56.69841199,67.6132967,11.79899077,51.99477017,1.5629366146231127,3.5287369829762207,2444.8557100351773,2975.709494418513,3.0526040397807703,6112.208487069255,node_41,127.93474545262362
2023-01-01 03:18:00,0.382836713,0.843356216,465.8061217,38.50576436,20.47742256,6.149885655,35.04695734,1.7025985362260645,2.8791327768062454,1391.8101843280392,1966.848272108376,2.47019236824074,3735.597897564172,node_41,560.1018606722774
2023-01-01 03:19:00,0.943998216,0.275447622,580.7194106,74.81657507,51.01330797,90.37740091,85.83543409,0.3038815689597468,2.445564710792417,2718.74989608114,5659.046541414086,1.1868186910343614,598.3390155359584,node_41,493.114398876317
2023-01-01 03:20:00,0.097927523,0.583214908,369.8043136,97.94862498,53.49898889,29.41107112,27.03262016,0.6952511153590336,2.8506590817879736,3978.09664275702,3151.0026321933587,1.323813875320178,4268.072825320714,node_41,491.7251006328304
2023-01-01 03:23:00,0.243190793,0.738050944,788.991488,190.1441268,64.34160097,21.93402658,96.69473234,1.9289710409002332,1.6445340623569795,2354.5949698993177,538.2709098172389,1.0392706455415377,1280.4957222905105,node_41,664.7453483509007
2023-01-01 03:24:00,0.072058847,0.612286586,623.8254278,100.1738605,93.63253953,96.01841249,21.83114208,1.7484325979555264,2.138348384538109,2430.415967376391,6548.825646959653,3.651025974475881,5636.038215241686,node_41,624.0675396910482
2023-01-01 03:25:00,0.140027748,0.740996074,475.3646193,71.25129562,73.14286314,16.80655197,19.45465883,1.8531732248581103,1.4066155825078774,4076.2235345909344,4278.686021791913,2.823270247365126,7403.581565754532,node_41,689.2011636206105
2023-01-01 03:27:00,0.505623391,0.870345469,828.5384233,163.8330193,97.21998052,11.65502852,74.50551257,1.266566156280352,2.269895810236645,2532.356369314502,386.8986028024048,0.8146152181739925,6874.798071696609,node_41,19.623072235954165
2023-01-01 03:27:00,0.567719883,0.468676257,428.528668,10.95239415,57.06768157,68.78343037,51.10456047,1.0024998379423224,3.30359674889783,800.6950990811348,2681.851027288091,3.9741671000300913,5990.282258882601,node_41,20.18600514199409
2023-01-01 03:28:00,0.525972401,0.076190197,776.606539,11.73737438,83.79876171,67.8887393,7.926777218,0.3868341654885826,2.415610543176592,3410.4611142620943,5950.365035853056,3.0565053853674238,4013.116552783948,node_41,586.7808717449806
2023-01-01 03:29:00,0.430076865,0.275981524,475.6539951,15.24622897,61.36350845,25.61404009,18.42790653,0.2236049340866938,3.484159921292017,537.294349219717,2933.5759919254674,1.0146681672114708,8043.055404360839,node_41,734.8189164098592
2023-01-01 03:29:00,0.768375361,0.861157807,307.3570765,79.30073289,93.42913149,52.15915305,46.39076246,1.2307000240345114,1.763653783510967,3852.2519789044695,5138.283758482626,0.7019302847040154,5332.168800465686,node_41,925.635401388198
2023-01-01 03:30:00,0.594926082,0.093979988,375.6716073,170.6046358,82.18296175,86.17102965,93.91661358,1.9592819255981653,0.7240143501559512,2806.3859490675577,5776.053375763722,0.8805364414998555,2410.087972493184,node_41,343.286922040257
2023-01-01 03:31:00,0.039378773,0.282698077,81.58459745,165.796262,96.11868715,64.52793871,84.78643012,0.2157996298271251,3.625360991130718,489.4197173373361,5779.731858410305,3.927899079722329,5603.578727102149,node_41,826.7854435072636
2023-01-01 03:32:00,0.110018806,0.38701128,249.7245617,40.44695693,29.87375158,75.22018668,3.039826536,1.7768968512558434,2.721867890146562,1009.20661148019,3799.254677495499,0.7173134591238268,2351.6145703163456,node_41,589.2620041268628
2023-01-01 03:32:00,0.64831513,0.109422156,44.72566648,124.2091423,27.99064856,82.92211568,62.00180551,0.7384066376638526,0.5592734211787228,2987.7559551127606,5359.523543742421,0.7273438467188695,5692.403948520213,node_41,750.4183840292651
2023-01-01 03:32:00,0.707390413,0.184641998,270.1695748,178.8627316,48.31044013,73.1685508,28.8509127,0.743554841637194,3.396936484347693,2884.250959241279,2043.7914634543683,1.3511838462374266,280.20604089774315,node_41,559.2399746429617
2023-01-01 03:33:00,0.344560362,0.856961095,566.9188435,86.66686838,70.4508488,75.61145005,21.63822777,1.491100685373312,1.4296225717401672,3573.6562822856936,5840.143743588475,3.593709342219059,4988.884676609467,node_41,343.624671059653
2023-01-01 03:35:00,0.620344339,0.833756097,630.660053,63.01145964,33.29135998,98.48853897,12.00523321,0.3582770572888685,1.8579801654903336,1851.671287394942,3717.254956649381,1.461277750093697,7610.373630955431,node_41,949.3315175970166
2023-01-01 03:35:00,0.630800766,0.246500222,697.027186,57.57096119,73.29240917,94.04130003,49.3403575,0.139065722564314,0.5200242486492055,602.9897464318111,3790.51469106837,3.429488148422541,6686.713380814238,node_41,447.13867130357
2023-01-01 03:37:00,0.688392565,0.722381203,585.9895994,36.99866752,55.4105527,8.578925964,26.74631929,1.426745573470782,3.308822631510989,1413.650263379568,7595.376459155835,0.4412011411087335,4537.895176829248,node_41,742.9437520895574
2023-01-01 03:37:00,0.803941673,0.177257145,168.4151349,98.41083664,79.26729287,4.741123808,66.40668622,0.1903585087956978,0.7613922529855576,2565.0257068483884,4814.572549818797,3.2616639139073063,1075.6714162605322,node_41,631.8559741372675
2023-01-01 03:38:00,0.316865591,0.19192632,114.9560859,154.0187491,47.57959034,78.13650965,70.7158961,0.5180522630730406,3.720206069362622,699.3201402164739,2685.793320226748,0.8107096778753062,7993.684784978138,node_41,314.72661302695724
2023-01-01 03:39:00,0.790481131,0.251581617,553.0506407,161.4593298,88.29820817,97.25801058,78.13464694,1.034703850966321,1.9016690727966108,2924.962983385347,3046.926922835636,0.2394718955161638,675.4378439618849,node_41,863.0783672968548
2023-01-01 03:39:00,0.110509169,0.614752095,509.9758597,186.8026584,45.20634676,34.84686815,30.4827523,0.5227018758283103,0.7360521554371187,2888.4636049667765,3535.7074965022525,2.9252727280357336,7616.510381000821,node_41,364.42124410635125
2023-01-01 03:40:00,0.684696173,0.314459069,427.2385015,190.0856447,61.97442537,2.224438002,11.39782571,0.3018599811945314,0.8655547596529196,1479.7979507407304,2003.8929657703736,3.719796805413653,640.9997247598249,node_41,979.4233359243252
2023-01-01 03:41:00,0.545127287,0.697975854,923.4730241,157.9748353,30.73202436,35.27780438,13.97277323,1.207397910949132,0.8022574288667224,4032.406449645437,539.6756141680522,0.2388438268423738,15.560434819139118,node_41,656.7577096456961
2023-01-01 03:42:00,0.00723293,0.447434476,443.3465621,49.15856034,71.36140367,77.78341159,1.928726054,1.632177337030343,1.7260282555110886,3912.454372016549,3788.376258514776,3.2862445889748746,4915.051862331215,node_41,146.4428053167227
2023-01-01 03:43:00,0.780171224,0.904466408,859.0565528,104.0813285,56.16406207,6.491253179,99.74854315,1.671291177745204,0.93767982594427,1335.840436582335,4399.518178511709,2.542615047004304,2265.138764220839,node_41,673.3209078175419
2023-01-01 03:44:00,0.566691283,0.179014803,128.5561692,185.8231499,52.94436482,99.70645805,33.89987696,1.824019253111693,0.865928264842823,3843.7150722368087,2437.6334738003925,0.1075992510593875,456.1283951702744,node_41,44.324401100824026
2023-01-01 03:44:00,0.034012619,0.697756217,216.9843748,5.24465988,21.28215056,79.94959162,87.39581856,0.977432448331752,2.827690400376202,3106.0381264639773,7107.993825564862,3.539372332155538,322.5311013305836,node_41,915.0920989224352
2023-01-01 03:46:00,0.956393368,0.227735209,656.9867852,16.16614497,64.42516401,47.46897309,45.32208356,1.067724154063481,0.7288653719402585,654.3437145601536,2769.8939851993223,1.953785444927308,2968.1402595265645,node_41,141.08396523347943
2023-01-01 03:46:00,0.220267229,0.455741919,388.5243332,51.38404948,24.02905419,90.17189211,38.77703679,1.381533450221797,2.7136028874272977,2477.739076450752,7746.922256188688,1.1400173166020942,7919.087177315694,node_41,75.30886500074318
2023-01-01 03:47:00,0.389112434,0.813351142,226.0957872,30.54048486,61.01275045,31.47345355,2.537225637,0.2691844365347672,2.2087038430313863,2081.46614688782,5511.499234669193,1.5948536911800877,5283.752472615447,node_41,656.2373078624511
2023-01-01 03:47:00,0.946429614,0.180905587,733.0913895,144.1345739,98.00992394,20.45320285,60.43298645,1.2120728271053438,0.6116149201807008,2908.9680575042185,1303.2533149029964,2.1923847368006246,1332.6724607357955,node_41,991.9763306566634
2023-01-01 03:49:00,0.303451353,0.316185154,160.3044389,172.7149722,98.23833196,9.539618347,60.45941971,1.418678254519823,3.126015709407368,2266.4424928057106,2970.56123829078,0.5751795752890061,1769.782263285625,node_41,729.8833557888115
2023-01-01 03:49:00,0.924810617,0.483756387,756.8130687,96.57937163,46.20015169,64.87417277,72.41049002,0.2914273198657128,1.8501097761970595,3485.6626650620574,6853.596735227608,2.672110236277509,2425.063384741913,node_41,535.2341026878549
2023-01-01 03:49:00,0.089235784,0.083379815,438.5977203,46.4044929,76.39684797,16.21924522,37.24217062,1.639420217041004,1.581495701364651,185.0203272650123,1239.0166918045215,2.684599478697681,2949.561384724154,node_41,420.54133531850914
2023-01-01 03:49:00,0.078106126,0.92595301,524.157705,94.99891455,94.09152174,1.958504516,38.54199351,1.5049102362667883,0.9473629500702476,1885.8835751873369,3238.500894154748,2.204854580455057,4348.00355341177,node_41,487.7130033315154
2023-01-01 03:51:00,0.309664311,0.420197258,67.65545552,140.7969062,35.27222789,23.6546859,82.25578298,1.2604004449823751,2.478355763845759,914.9080993070476,3233.3187467435077,3.414957281001381,5988.418411105696,node_41,83.46216024191378
2023-01-01 03:51:00,0.235572285,0.310688501,981.1282094,96.91872418,29.40741051,93.98434107,15.758996,1.8762910908900696,1.1274898655940202,2806.85189626609,6975.575810682649,3.260126125392556,5814.6155474353545,node_41,968.594504257008
2023-01-01 03:53:00,0.885560511,0.007529547,706.3387752,52.67868512,57.7442156,21.37962684,46.32542986,0.4803969901256525,0.671176481283531,1585.0675385040306,1090.3800588631022,1.2929303134263823,3474.9613786204245,node_41,546.9825929651882
2023-01-01 03:53:00,0.331451105,0.464651361,695.0860288,198.4542072,62.29461876,51.69998393,74.21863419,0.4350455205573876,2.32995173352452,2080.8961587680096,576.5473662344411,2.428894745174361,1857.3791844501084,node_41,331.2765374925325
2023-01-01 03:53:00,0.728870103,0.439529418,563.7918319,41.58561894,46.7913885,28.68496734,97.47950339,1.0471704638355448,3.209236834669088,2433.4789367053663,3242.5652618552062,1.9166070000549391,7889.7797894472915,node_41,403.462370892753
2023-01-01 03:53:00,0.601688751,0.995610486,169.9113121,198.3619465,83.82215232,6.195327358,22.85588209,0.19490916015499,2.6420649343182103,1101.5037994899508,5294.046716901603,3.4686692640716967,4687.743689034303,node_41,8.001755311614511
2023-01-01 03:56:00,0.226273715,0.209204943,115.8711627,188.178517,67.28813415,21.24854042,30.45176528,0.3700955088908381,3.1076853945234806,2566.7180917101905,5036.949823676043,3.5864062521588997,4830.423676506769,node_41,41.266257773497685
2023-01-01 03:57:00,0.168593346,0.404134835,667.2681347,88.83368665,81.82416901,25.2392099,70.18177255,0.2812208729474716,1.95860708398256,3325.663775282923,384.494049587048,2.779523838651296,2532.9872105319337,node_41,741.8198950603912
2023-01-01 03:57:00,0.064139687,0.841744263,391.6059264,186.8751931,68.31309876,76.8943114,93.14722502,1.0338044345408095,1.6093676042031533,3826.7001619474513,7814.411535899451,0.178196134240562,510.03236258006746,node_41,455.97846721439794
2023-01-01 03:58:00,0.777484615,0.657284662,677.8598861,32.81316444,44.23994958,29.61400484,70.02256454,1.1898143028555377,3.684606611953928,193.59172748754176,1667.1435561252451,3.503640760676264,4924.510149285918,node_41,760.4565964145393
2023-01-01 03:59:00,0.16513728,0.280645596,803.7846032,21.61844958,67.41795266,12.40145761,3.308735034,0.8966608617060892,1.6983977772601024,1583.6009275375634,939.8099869435292,2.1666976206302304,4877.500845196224,node_41,264.97744226338625
2023-01-01 04:00:00,0.064278399,0.627261224,997.2764157,151.9363324,33.7406141,83.09272284,74.82099821,1.2659810977762516,0.8252194416854705,4078.351373289728,6158.738107580401,0.90856978518887,7864.355327951762,node_41,43.37753452987636
2023-01-01 04:00:00,0.822331638,0.274697032,287.667917,47.19037951,87.77046948,89.22398369,11.95408554,1.9038979753259409,2.798476083555837,1334.3987690163835,5148.062831555212,2.9388715102079352,934.6404679072476,node_41,574.7895805057847
2023-01-01 04:00:00,0.863140214,0.138844534,181.6349005,59.58894739,85.53793986,71.07620797,71.48999511,1.2323701903587396,2.827489829742559,1786.2529404208913,7263.146611710507,3.6769809937297335,3503.825254457438,node_41,203.69653055760617
2023-01-01 04:02:00,0.021188964,0.568497,413.488949,179.78024,78.36808805,49.0277608,20.98743639,1.970349349791523,3.451591120995703,1272.6275958675506,2334.819788954391,0.9288190266994168,2864.488581587082,node_41,447.0495170759023
2023-01-01 04:03:00,0.996470384,0.083837337,193.7180112,41.24402875,55.89674598,91.95478615,82.00125171,1.1566230557574664,3.907435064850403,2115.640746949044,3067.459476122883,0.9271242358191452,1674.3003903888302,node_41,612.6529340290539
2023-01-01 04:03:00,0.954348712,0.27388315,670.8212995,65.30219382,89.07248222,70.63284079,52.41850897,1.9775044613704449,0.7857722234867175,486.7216883713634,2141.0348824601933,1.4104372542616748,6893.4089938829575,node_41,141.64083823114882
2023-01-01 04:03:00,0.54232266,0.67297886,882.2701989,156.4178408,96.16806334,52.83712974,7.856981297,1.0753109220121926,1.8051122379187468,2878.728311894937,6208.467262589249,2.578540195689223,5960.475252226805,node_41,990.4407128079968
2023-01-01 04:06:00,0.976954514,0.373363789,978.1318476,138.2925587,90.12840766,19.20708707,80.9415252,0.9073909558264036,1.7160036006573676,1287.0315523573634,3579.9473914468663,3.691151579398302,2879.111780973381,node_41,88.62901840890692
2023-01-01 04:06:00,0.661090082,0.705933007,75.11156573,127.225198,60.51794661,52.39887214,42.3170768,1.582335846594969,1.6149185956930387,3283.5958592487464,1934.165382242831,2.803561397641147,2638.3542571032503,node_41,114.30378336937264
2023-01-01 04:07:00,0.797244475,0.003674411,488.960528,14.5244728,89.62762068,9.90950157,60.90822621,0.2541662537377454,2.4324048332341226,2512.8386715003257,4815.483699723185,3.9648099658493705,6479.452670883196,node_41,704.3229577110894
2023-01-01 04:08:00,0.547217715,0.484691627,839.4258407,129.2507171,98.47399386,75.06640106,88.15320732,0.4104309848970434,3.6272907571303783,218.8795201964746,4305.053855307557,3.6776230634731135,7477.3861284372415,node_41,800.6170215654796
2023-01-01 04:09:00,0.468205887,0.431333971,405.9925602,85.71759837,52.8729355,86.61018175,73.96430564,0.55300084821299,2.339100720976062,3016.674540263379,2209.992253061364,3.1993867163235543,844.6438937502226,node_41,184.3347911584582
